"SITECODE","SYEAR","PLOTPID","SDATE","PEDATE","LANDUSE","SLOPE","ASPECT","SLOPEFORM","NVCCLASS"
"T04",2009,21,19-JUN-09,19-JUN-09,"",,,"",""
"T05",1994,289,19-MAY-94,19-MAY-94,"2",8,250,"1","MG7a"
"T05",1994,148,19-MAY-94,19-MAY-94,"2",14,312,"3","MG7b"
"T05",1994,196,19-MAY-94,19-MAY-94,"2",5,326,"2","MG7b"
"T05",1994,256,23-MAY-94,23-MAY-94,"2",0,0,"0","MG7a"
"T05",1994,210,23-MAY-94,23-MAY-94,"2",2,272,"2","MG7b"
"T05",1994,272,24-MAY-94,24-MAY-94,"2",0,0,"0","MG7b"
"T05",1994,9,25-MAY-94,25-MAY-94,"2",8,98,"2","MG7b"
"T05",1994,26,25-MAY-94,25-MAY-94,"2",8,106,"2","MG7b"
"T05",1994,343,02-JUN-94,02-JUN-94,"16",0,0,"0",""
"T05",1994,344,02-JUN-94,02-JUN-94,"16",0,0,"0",""
"T05",1994,91,07-JUN-94,07-JUN-94,"2",10,14,"2","MG7b"
"T05",1994,128,07-JUN-94,07-JUN-94,"2",4,334,"2","MG7a"
"T05",1994,118,07-JUN-94,07-JUN-94,"2",8,58,"2","MG7b"
"T05",1994,45,08-JUN-94,08-JUN-94,"2",4,158,"2","MG10a"
"T05",1994,51,08-JUN-94,08-JUN-94,"2",6,184,"2","MG10a"
"T08",1994,173,13-JUN-94,13-JUN-94,"3",4,310,"2","MG1d"
"T08",1994,194,13-JUN-94,13-JUN-94,"11",15,30,"1","W8e"
"T08",1994,168,14-JUN-94,14-JUN-94,"22",3,50,"2","W8a"
"T08",1994,32,14-JUN-94,14-JUN-94,"11",8,180,"2","W14"
"T08",1994,61,16-JUN-94,16-JUN-94,"13",5,160,"2","W8a"
"T08",1994,104,17-JUN-94,17-JUN-94,"11",5,140,"2","W8a"
"T08",1994,370,20-JUN-94,20-JUN-94,"18",2,60,"2","S26a"
"T08",1994,327,20-JUN-94,20-JUN-94,"11",8,50,"3","W8a"
"T01",1994,603,21-JUN-94,21-JUN-94,"2",2,270,"2","MG7b"
"T01",1994,462,21-JUN-94,21-JUN-94,"2",2,360,"1","MG7b"
"T01",1994,629,21-JUN-94,21-JUN-94,"2",2,220,"2","MG7b"
"T01",1994,394,22-JUN-94,22-JUN-94,"2",1,180,"2","MG7b"
"T08",1994,239,22-JUN-94,22-JUN-94,"11",5,5,"2","W8a"
"T01",1994,393,22-JUN-94,22-JUN-94,"2",2,180,"2","MG7b"
"T01",1994,427,22-JUN-94,22-JUN-94,"2",2,360,"2","MG7b"
"T08",1994,72,23-JUN-94,23-JUN-94,"11",4,330,"2","W14"
"T08",1994,218,27-JUN-94,27-JUN-94,"11",4,330,"2","W8a"
"T01",1994,169,27-JUN-94,27-JUN-94,"2",1,90,"1","MG7b"
"T01",1994,135,28-JUN-94,28-JUN-94,"2",1,80,"2","MG7b"
"T01",1994,606,29-JUN-94,29-JUN-94,"2",1,300,"1","MG7b"
"T01",1994,607,30-JUN-94,30-JUN-94,"2",1,265,"1","MG7b"
"T01",1994,746,15-AUG-94,15-AUG-94,"16",1,170,"2","WE24"
"T08",1994,416,19-AUG-94,19-AUG-94,"2",2,45,"2","MG7a"
"T01",1994,745,22-AUG-94,22-AUG-94,"16",1,170,"2","WE24"
"T08",1994,421,22-AUG-94,22-AUG-94,"3",10,45,"2","MG5b"
"T05",1996,272,04-MAY-96,04-MAY-96,"2",0,0,"2","MG7b"
"T05",1996,289,13-MAY-96,13-MAY-96,"2",6,230,"2","MG7a"
"T05",1996,148,13-MAY-96,13-MAY-96,"2",12,304,"2","MG7b"
"T05",1996,256,14-MAY-96,14-MAY-96,"2",0,0,"0","MG7a"
"T05",1996,210,14-MAY-96,14-MAY-96,"2",3,206,"2","MG7b"
"T05",1996,91,23-MAY-96,23-MAY-96,"2",8,15,"2","MG7b"
"T05",1996,45,25-MAY-96,25-MAY-96,"2",4,158,"2","MG10a"
"T05",1996,26,28-MAY-96,28-MAY-96,"2",10,118,"2","MG7b"
"T05",1996,9,28-MAY-96,28-MAY-96,"2",5,94,"2","MG7b"
"T05",1996,118,04-JUN-96,04-JUN-96,"2",8,58,"2","MG7b"
"T05",1996,51,05-JUN-96,05-JUN-96,"2",6,184,"2","MG10a"
"T05",1996,343,06-JUN-96,06-JUN-96,"18",0,0,"2","M27c"
"T05",1996,344,06-JUN-96,06-JUN-96,"18",0,0,"2","M27c"
"T04",1996,206,15-JUN-96,,"18",22,190,"2",""
"T04",1996,226,15-JUN-96,,"16",2,180,"2",""
"T04",1996,509,15-JUN-96,,"18",20,60,"3",""
"T04",1996,507,15-JUN-96,,"18",2,45,"2",""
"T04",1996,184,16-JUN-96,,"18",10,90,"2",""
"T04",1996,164,16-JUN-96,,"16",10,45,"3",""
"T08",1996,421,17-JUN-96,17-JUN-96,"3",10,45,"2","MG5b"
"T08",1996,104,17-JUN-96,17-JUN-96,"11",5,140,"2","W8a"
"T07",1996,451,18-JUN-96,18-JUN-96,"16",32,278,"2","U4A"
"T08",1996,218,18-JUN-96,18-JUN-96,"11",4,330,"2","W8a"
"T08",1996,239,18-JUN-96,18-JUN-96,"11",5,5,"2","W8a"
"T07",1996,436,20-JUN-96,20-JUN-96,"16",4,0,"2","U4D"
"T01",1996,394,20-JUN-96,20-JUN-96,"2",1,180,"2","MG7b"
"T01",1996,393,20-JUN-96,20-JUN-96,"2",2,180,"2","MG7b"
"T07",1996,277,21-JUN-96,21-JUN-96,"16",3,284,"2","MG9A"
"T04",1996,78,22-JUN-96,,"18",8,90,"2",""
"T04",1996,138,22-JUN-96,,"18",45,120,"",""
"T04",1996,800,22-JUN-96,,"18",8,110,"2",""
"T05",1996,334,24-JUN-96,24-JUN-96,"11",9,276,"2","W7b/c"
"T07",1996,278,24-JUN-96,24-JUN-96,"16",9,324,"2","M23A"
"T08",1996,72,24-JUN-96,24-JUN-96,"11",4,330,"2","W14"
"T01",1996,427,25-JUN-96,25-JUN-96,"2",2,360,"2","MG7b"
"T01",1996,462,25-JUN-96,25-JUN-96,"2",2,360,"1","MG7b"
"T05",1996,332,25-JUN-96,25-JUN-96,"11",8,284,"1","W21a"
"T05",1996,336,25-JUN-96,25-JUN-96,"11",5,250,"2","W7b/c"
"T07",1996,272,27-JUN-96,27-JUN-96,"16",15,244,"3","MG9A"
"T04",1996,502,27-JUN-96,,"16",10,50,"3",""
"T08",1996,416,27-JUN-96,27-JUN-96,"2",2,45,"2","MG7a"
"T08",1996,168,27-JUN-96,27-JUN-96,"22",3,50,"2","W8"
"T08",1996,32,27-JUN-96,27-JUN-96,"11",8,180,"2","W14"
"T07",1996,320,27-JUN-96,27-JUN-96,"16",18,122,"2","U20A"
"T04",1996,505,27-JUN-96,,"18",2,55,"2",""
"T04",1996,13,28-JUN-96,,"16",22,250,"2",""
"T04",1996,501,28-JUN-96,,"16",,265,"1",""
"T04",1996,1,28-JUN-96,,"16/19",45,260,"1",""
"T04",1996,2,28-JUN-96,,"16",15,245,"2",""
"T07",1996,156,28-JUN-96,28-JUN-96,"16",6,100,"2","U4E"
"T04",1996,61,28-JUN-96,,"18",3,247,"2",""
"T04",1996,16,30-JUN-96,,"19",22,240,"",""
"T04",1996,71,30-JUN-96,,"16",45,268,"2",""
"T04",1996,500,30-JUN-96,,"16/18",3,45,"3",""
"T04",1996,21,30-JUN-96,,"16/19",28,45,"2",""
"T04",1996,19,30-JUN-96,,"16",,312,"2",""
"T01",1996,607,01-JUL-96,01-JUL-96,"2",1,265,"1","MG7b"
"T05",1996,329,01-JUL-96,01-JUL-96,"11",14,276,"1","W21a"
"T05",1996,323,01-JUL-96,01-JUL-96,"11",3,310,"2","W10c"
"T01",1996,606,01-JUL-96,01-JUL-96,"2",1,300,"1","MG7b"
"T05",1996,318,01-JUL-96,01-JUL-96,"11",3,310,"2","W10c"
"T09",1996,427,02-JUL-96,02-JUL-96,"12",1,186,"2","W24"
"T01",1996,135,02-JUL-96,02-JUL-96,"2",1,80,"2","MG7b"
"T07",1996,308,02-JUL-96,02-JUL-96,"16",10,282,"2","MG10A"
"T08",1996,173,03-JUL-96,03-JUL-96,"3",4,310,"2","MG1d"
"T01",1996,169,03-JUL-96,03-JUL-96,"2",1,90,"1","MG7b"
"T08",1996,327,04-JUL-96,04-JUL-96,"11",8,50,"3","W8a"
"T09",1996,450,04-JUL-96,04-JUL-96,"12",8,311,"2","W25"
"T09",1996,449,04-JUL-96,04-JUL-96,"11",1,71,"2","W21a/22"
"T04",1996,611,05-JUL-96,,"16",10,125,"2",""
"T04",1996,254,05-JUL-96,,"19/16",,,"2",""
"T07",1996,47,05-JUL-96,05-JUL-96,"16",18,117,"3","U20A"
"T09",1996,447,05-JUL-96,05-JUL-96,"11",2,82,"2","W10c/7c"
"T04",1996,247,05-JUL-96,,"18",50,225,"1",""
"T04",1996,251,05-JUL-96,,"18",,,"2",""
"T04",1996,444,06-JUL-96,,"11",27,255,"2",""
"T04",1996,450,06-JUL-96,,"16",12,135,"1",""
"T04",1996,449,06-JUL-96,,"18",,,"",""
"T10",1996,288,08-JUL-96,08-JUL-96,"",,,"",""
"T10",1996,287,08-JUL-96,08-JUL-96,"",,,"",""
"T10",1996,269,08-JUL-96,08-JUL-96,"",,,"",""
"T10",1996,256,08-JUL-96,08-JUL-96,"",,,"",""
"T04",1996,411,08-JUL-96,,"2",1,180,"2",""
"T04",1996,399,08-JUL-96,,"2",6,0,"2",""
"T04",1996,371,08-JUL-96,,"2",6,75,"2",""
"T07",1996,305,08-JUL-96,08-JUL-96,"16",13,150,"2","MG10A"
"T09",1996,409,08-JUL-96,08-JUL-96,"12",1,344,"2","W10d"
"T04",1996,801,08-JUL-96,,"2",9,356,"3",""
"T04",1996,454,08-JUL-96,,"2",2,110,"2",""
"T09",1996,446,08-JUL-96,08-JUL-96,"11",1,70,"2","W21a/22"
"T10",1996,99,09-JUL-96,,"",,,"",""
"T07",1996,102,09-JUL-96,09-JUL-96,"16",8,260,"2","M23A"
"T09",1996,448,09-JUL-96,09-JUL-96,"11",0,,"","W10c/7c"
"T10",1996,208,09-JUL-96,09-JUL-96,"",,,"",""
"T07",1996,59,09-JUL-96,09-JUL-96,"16",22,120,"3","U4B"
"T10",1996,28,09-JUL-96,09-JUL-96,"",,,"",""
"T01",1996,629,10-JUL-96,10-JUL-96,"2",2,220,"2","MG7b"
"T09",1996,440,10-JUL-96,10-JUL-96,"11",,,"","W24"
"T01",1996,603,10-JUL-96,10-JUL-96,"2",2,270,"2","MG7b"
"T02",1996,428,10-JUL-96,10-JUL-96,"2",12,285,"2","MG6"
"T10",1996,11,10-JUL-96,10-JUL-96,"",,,"",""
"T02",1996,424,10-JUL-96,10-JUL-96,"15",15,293,"1","H10/H12"
"T09",1996,445,10-JUL-96,10-JUL-96,"11",,,"","W21a/22"
"T09",1996,444,10-JUL-96,10-JUL-96,"11",1,242,"2","W24"
"T07",1996,2,10-JUL-96,10-JUL-96,"15",7,210,"2","H12A"
"T09",1996,442,11-JUL-96,11-JUL-96,"11",,,"","W24"
"T07",1996,6,11-JUL-96,11-JUL-96,"15",6,127,"2","M20A"
"T07",1996,30,11-JUL-96,11-JUL-96,"15",4,255,"2","H12A"
"T08",1996,370,11-JUL-96,11-JUL-96,"18",2,60,"2","S26a"
"T08",1996,194,11-JUL-96,11-JUL-96,"11",15,30,"1","W8e"
"T07",1996,1,11-JUL-96,11-JUL-96,"15",3,142,"2","M20A"
"T09",1996,438,11-JUL-96,11-JUL-96,"11",,,"","W24"
"T09",1996,430,12-JUL-96,12-JUL-96,"11",2,270,"2","W24"
"T09",1996,432,12-JUL-96,12-JUL-96,"12",6,135,"2","W10d"
"T09",1996,433,12-JUL-96,12-JUL-96,"12",5,180,"2","W10c/7c"
"T09",1996,435,12-JUL-96,12-JUL-96,"11",6,0,"2","W10c/7c"
"T10",1996,34,12-JUL-96,12-JUL-96,"",,,"",""
"T10",1996,50,12-JUL-96,,"",,,"",""
"T10",1996,74,12-JUL-96,,"",,,"",""
"T08",1996,61,12-JUL-96,12-JUL-96,"13",5,160,"2","W8"
"T07",1996,151,12-JUL-96,12-JUL-96,"16",11,178,"1","U5A"
"T07",1996,152,12-JUL-96,12-JUL-96,"16",12,180,"2","U5A"
"T02",1996,434,12-JUL-96,12-JUL-96,"15",13,170,"2","H12"
"T02",1996,443,12-JUL-96,12-JUL-96,"15",15,161,"2","H12"
"T04",1996,390,13-JUL-96,,"",3,48,"",""
"T04",1996,310,13-JUL-96,,"",6,83,"",""
"T04",1996,372,13-JUL-96,,"",7,360,"",""
"T09",1996,401,15-JUL-96,15-JUL-96,"11",5,315,"2","W24"
"T09",1996,436,15-JUL-96,15-JUL-96,"12",5,360,"2","W24"
"T02",1996,436,15-JUL-96,15-JUL-96,"15",16,280,"2","H12"
"T02",1996,435,15-JUL-96,15-JUL-96,"15",20,280,"2","H12"
"T09",1996,437,16-JUL-96,16-JUL-96,"12",2,225,"2","W21a/22"
"T02",1996,442,16-JUL-96,16-JUL-96,"18",7,330,"2","M19b"
"T09",1996,431,16-JUL-96,16-JUL-96,"",2,135,"2","W24"
"T09",1996,439,16-JUL-96,16-JUL-96,"12",3,90,"2","W24"
"T02",1996,384,16-JUL-96,16-JUL-96,"2",13,300,"2","U4"
"T10",1996,249,16-JUL-96,16-JUL-96,"",,,"",""
"T09",1996,426,17-JUL-96,17-JUL-96,"11",4,135,"2","W10c/7c"
"T09",1996,417,17-JUL-96,17-JUL-96,"11",4,296,"2","W21a/22"
"T10",1996,147,17-JUL-96,17-JUL-96,"",,,"",""
"T10",1996,148,17-JUL-96,17-JUL-96,"",,,"",""
"T10",1996,777,17-JUL-96,17-JUL-96,"",,,"",""
"T09",1996,416,17-JUL-96,17-JUL-96,"11",2,315,"2","W21a/22"
"T09",1996,413,18-JUL-96,18-JUL-96,"12",5,270,"2","W24"
"T09",1996,422,18-JUL-96,18-JUL-96,"12",0,,"2","W25"
"T10",1996,47,18-JUL-96,18-JUL-96,"",,,"",""
"T09",1996,420,18-JUL-96,18-JUL-96,"12",1,315,"2","W25"
"T10",1996,162,18-JUL-96,18-JUL-96,"",,,"",""
"T09",1996,419,19-JUL-96,19-JUL-96,"11",5,90,"2","W25"
"T10",1996,237,19-JUL-96,19-JUL-96,"",,,"",""
"T10",1996,219,19-JUL-96,19-JUL-96,"",,,"",""
"T09",1996,418,19-JUL-96,19-JUL-96,"12",0,,"2","W10d"
"T10",1996,265,19-JUL-96,19-JUL-96,"",,,"",""
"T04",1996,348,20-JUL-96,,"18",4,265,"1",""
"T04",1996,402,20-JUL-96,,"16",3,48,"2",""
"T04",1996,404,20-JUL-96,,"18",,,"3",""
"T04",1996,326,20-JUL-96,,"16",5,205,"2",""
"T04",1996,307,20-JUL-96,,"16",1,130,"2",""
"T04",1996,396,21-JUL-96,,"18",15,360,"2",""
"T04",1996,419,21-JUL-96,,"16",,,"",""
"T04",1996,428,21-JUL-96,,"18",2,107,"2",""
"T04",1996,429,21-JUL-96,,"18",5,90,"",""
"T10",1996,267,22-JUL-96,22-JUL-96,"",,,"",""
"T09",1996,411,22-JUL-96,22-JUL-96,"12",0,,"","W10d"
"T09",1996,410,22-JUL-96,22-JUL-96,"12",2,225,"2","W25"
"T09",1996,415,22-JUL-96,22-JUL-96,"12",0,,"","W25"
"T09",1996,429,23-JUL-96,23-JUL-96,"12",6,180,"2","W25"
"T09",1996,407,23-JUL-96,23-JUL-96,"12",8,315,"2","W10d"
"T09",1996,408,23-JUL-96,23-JUL-96,"12",0,0,"","W10d"
"T09",1996,404,23-JUL-96,23-JUL-96,"12",7,0,"2","W24"
"T09",1996,405,23-JUL-96,23-JUL-96,"12",0,,"","W10d"
"T03",1996,351,24-JUL-96,24-JUL-96,"2",1,220,"2",""
"T10",1996,227,24-JUL-96,24-JUL-96,"",,,"",""
"T10",1996,888,24-JUL-96,24-JUL-96,"",,,"",""
"T10",1996,999,24-JUL-96,24-JUL-96,"",,,"",""
"T09",1996,423,24-JUL-96,24-JUL-96,"12",5,180,"2","W16a"
"T10",1996,55,24-JUL-96,24-JUL-96,"",,,"",""
"T10",1996,56,24-JUL-96,24-JUL-96,"",,,"",""
"T09",1996,403,25-JUL-96,25-JUL-96,"12",3,315,"2","W24"
"T09",1996,402,25-JUL-96,25-JUL-96,"12",0,,"","W10d"
"T10",1996,32,25-JUL-96,25-JUL-96,"",,,"",""
"T09",1996,412,25-JUL-96,25-JUL-96,"12",0,,"","W10d"
"T09",1996,406,25-JUL-96,25-JUL-96,"12",0,,"","W10c/7c"
"T10",1996,14,25-JUL-96,25-JUL-96,"",,,"",""
"T09",1996,425,26-JUL-96,26-JUL-96,"16",0,,"","MG9"
"T09",1996,424,26-JUL-96,26-JUL-96,"12",0,,"","W10d"
"T09",1996,414,26-JUL-96,26-JUL-96,"12",3,315,"2","W10c/7c"
"T09",1996,441,30-JUL-96,30-JUL-96,"12",4,90,"2","W10d"
"T09",1996,443,31-JUL-96,31-JUL-96,"12",2,180,"2","W25"
"T09",1996,421,31-JUL-96,31-JUL-96,"12",0,,"","W10d"
"T09",1996,428,01-AUG-96,01-AUG-96,"12",0,0,"","W10d"
"T09",1996,434,01-AUG-96,01-AUG-96,"12",0,0,"","W25"
"T02",1996,437,06-AUG-96,06-AUG-96,"3",25,180,"1","U20"
"T02",1996,396,06-AUG-96,06-AUG-96,"2",16,114,"2","U4"
"T02",1996,441,07-AUG-96,07-AUG-96,"18",6,170,"2","M23"
"T02",1996,438,08-AUG-96,08-AUG-96,"3",14,302,"2","M23"
"T02",1999,440,09-AUG-96,09-AUG-96,"2",5,63,"2","U4"
"T02",1996,440,09-AUG-96,09-AUG-96,"2",5,63,"2","U4"
"T03",1996,271,18-AUG-96,18-AUG-96,"11",,,"2",""
"T03",1996,311,20-AUG-96,20-AUG-96,"11",,,"2",""
"T02",1996,439,21-AUG-96,21-AUG-96,"18",5,84,"1","M19"
"T01",1996,746,25-AUG-96,25-AUG-96,"16",1,170,"2","WE24"
"T01",1996,745,27-AUG-96,27-AUG-96,"16",1,170,"2","WE24"
"T10",1996,3,09-SEP-96,09-SEP-96,"",,,"",""
"T10",1996,666,09-SEP-96,09-SEP-96,"",,,"",""
"T10",1996,555,09-SEP-96,09-SEP-96,"",,,"",""
"T10",1996,444,09-SEP-96,09-SEP-96,"",,,"",""
"T03",1996,179,19-SEP-96,19-SEP-96,"12",,,"2",""
"T03",1996,198,19-SEP-96,19-SEP-96,"12",,,"3",""
"T03",1996,239,19-SEP-96,19-SEP-96,"12",,,"2",""
"T03",1996,74,24-SEP-96,24-SEP-96,"12",0,0,"2",""
"T03",1996,75,24-SEP-96,24-SEP-96,"12",,,"2",""
"T03",1996,57,24-SEP-96,24-SEP-96,"12",,,"2",""
"T03",1996,353,25-SEP-96,25-SEP-96,"2",1,10,"2",""
"T01",1999,606,18-JUN-99,18-JUN-99,"2",1,300,"2","MG7b"
"T02",1999,396,19-JUN-99,19-JUN-99,"2",16,114,"2","U4"
"T01",1999,607,19-JUN-99,19-JUN-99,"2",1,265,"2","MG7b"
"T01",1999,603,21-JUN-99,21-JUN-99,"2",2,220,"2","MG7b"
"T01",1999,629,21-JUN-99,21-JUN-99,"2",2,270,"1","MG7b"
"T01",1999,169,22-JUN-99,22-JUN-99,"2",1,90,"1","MG7b"
"T01",1999,135,22-JUN-99,22-JUN-99,"2",1,80,"2","MG7b"
"T01",1999,746,05-JUL-99,05-JUL-99,"16",1,170,"2","WE24"
"T01",1999,745,06-JUL-99,06-JUL-99,"16",1,140,"2","WE24"
"T01",1999,393,07-JUL-99,07-JUL-99,"2",2,180,"2","MG7b"
"T01",1999,394,07-JUL-99,07-JUL-99,"2",1,180,"2","MG7b"
"T01",1999,427,08-JUL-99,08-JUL-99,"2",2,360,"2","MG7b"
"T01",1999,462,08-JUL-99,08-JUL-99,"2",2,360,"1","MG7b"
"T08",1999,401,15-JUL-99,15-JUL-99,"2",2,10,"2","MG7a"
"T08",1999,421,16-JUL-99,16-JUL-99,"3",10,45,"2","MG5b"
"T08",1999,173,20-JUL-99,20-JUL-99,"3",4,310,"2","MG1d"
"T08",1999,194,20-JUL-99,20-JUL-99,"11",15,30,"1","W8e"
"T07",1999,152,20-JUL-99,20-JUL-99,"16",12,180,"2","U5A"
"T07",1999,2,21-JUL-99,21-JUL-99,"15",7,210,"2","H12A"
"T07",1999,151,21-JUL-99,21-JUL-99,"16",11,178,"1","U5A"
"T07",1999,1,21-JUL-99,21-JUL-99,"15",3,142,"2","M20A"
"T07",1999,451,22-JUL-99,22-JUL-99,"16",32,278,"2","U4A"
"T07",1999,30,22-JUL-99,22-JUL-99,"15",4,255,"2","H12A"
"T07",1999,6,22-JUL-99,22-JUL-99,"15",6,127,"2","M20A"
"T07",1999,47,23-JUL-99,23-JUL-99,"16",18,117,"3","U20A"
"T08",1999,32,23-JUL-99,23-JUL-99,"11",8,180,"2","W14"
"T08",1999,72,23-JUL-99,23-JUL-99,"11",4,330,"2","W14"
"T08",1999,239,26-JUL-99,26-JUL-99,"11",5,5,"2","W8a"
"T08",1999,218,26-JUL-99,26-JUL-99,"11",4,330,"2","W8a"
"T08",1999,61,27-JUL-99,27-JUL-99,"13",5,160,"2","W8"
"T08",1999,327,27-JUL-99,27-JUL-99,"11",8,50,"3","W8a"
"T08",1999,370,27-JUL-99,27-JUL-99,"18",2,60,"2","S26a"
"T07",1999,436,28-JUL-99,28-JUL-99,"16",4,0,"2","U4D"
"T07",1999,278,29-JUL-99,29-JUL-99,"16",9,324,"2","M23A"
"T07",1999,277,29-JUL-99,29-JUL-99,"16",3,284,"2","MG9A"
"T08",1999,416,29-JUL-99,29-JUL-99,"2",2,45,"2","MG7a"
"T08",1999,420,29-JUL-99,29-JUL-99,"2",2,45,"2","MG7a"
"T08",1999,168,29-JUL-99,29-JUL-99,"22",3,50,"2","W8"
"T08",1999,104,30-JUL-99,30-JUL-99,"11",5,140,"2","W8a"
"T07",1999,59,30-JUL-99,30-JUL-99,"16",22,120,"3","U4B"
"T07",1999,308,05-AUG-99,05-AUG-99,"16",10,282,"2","MG10A"
"T07",1999,272,06-AUG-99,06-AUG-99,"16",15,244,"3","MG9A"
"T07",1999,156,06-AUG-99,06-AUG-99,"16",6,100,"2","U4E"
"T07",1999,320,06-AUG-99,06-AUG-99,"16",18,122,"2","U20A"
"T07",1999,102,13-AUG-99,13-AUG-99,"16",8,260,"2","M23A"
"T11",1999,901,16-AUG-99,16-AUG-99,"16",15,,"3","CG10a"
"T07",1999,305,16-AUG-99,16-AUG-99,"16",13,150,"2","MG10A"
"T02",1999,443,16-AUG-99,16-AUG-99,"15",15,161,"2","H12"
"T02",1999,438,18-AUG-99,18-AUG-99,"3",14,302,"2","M23"
"T02",1999,424,18-AUG-99,18-AUG-99,"15",15,293,"1","H10/H12"
"T02",1999,428,18-AUG-99,18-AUG-99,"2",12,285,"2","MG6"
"T02",1999,384,19-AUG-99,19-AUG-99,"2",13,300,"2","U4"
"T02",1999,436,20-AUG-99,20-AUG-99,"15",16,280,"2","H12"
"T11",1999,913,23-AUG-99,23-AUG-99,"16",,,"1","U5a"
"T11",1999,902,23-AUG-99,23-AUG-99,"16",,,"","CG10a"
"T02",1999,441,23-AUG-99,23-AUG-99,"18",6,170,"2","M23"
"T02",1999,439,23-AUG-99,23-AUG-99,"18",5,84,"1","M19"
"T02",1999,437,24-AUG-99,24-AUG-99,"3",25,180,"1","U20"
"T02",1999,442,24-AUG-99,24-AUG-99,"18",7,330,"2","M19b"
"T11",1999,914,24-AUG-99,24-AUG-99,"16",,,"","U5a"
"T11",1999,911,27-AUG-99,27-AUG-99,"18",0,,"2","M17a"
"T11",1999,909,03-SEP-99,03-SEP-99,"15",,,"1","M15b"
"T11",1999,910,03-SEP-99,03-SEP-99,"15",2,,"2","M15b"
"T11",1999,912,03-SEP-99,03-SEP-99,"18",0,,"2","M17a"
"T03",1999,370,10-SEP-99,10-SEP-99,"2",1,220,"2","M97a"
"T03",1999,353,10-SEP-99,10-SEP-99,"2",1,10,"2","M97a"
"T03",1999,281,10-SEP-99,10-SEP-99,"3",1,170,"1","M97e"
"T03",1999,333,10-SEP-99,10-SEP-99,"3",0,0,"2","M97e"
"T03",1999,351,10-SEP-99,10-SEP-99,"2",1,220,"2","M97a"
"T11",1999,903,13-SEP-99,13-SEP-99,"15",5,,"2","H15"
"T11",1999,904,13-SEP-99,13-SEP-99,"15",25,,"2","H15"
"T11",1999,907,21-SEP-99,21-SEP-99,"15",15,220,"3","H21a"
"T11",1999,908,21-SEP-99,21-SEP-99,"15",15,95,"3","H21a"
"T11",1999,905,23-SEP-99,23-SEP-99,"15",40,35,"2","H18a"
"T11",1999,906,23-SEP-99,23-SEP-99,"15",40,2,"2","H18a"
"T02",1999,435,28-SEP-99,28-SEP-99,"15",20,280,"2","H12"
"T02",1999,434,28-SEP-99,28-SEP-99,"15",13,170,"2","H12"
"T03",1999,31,24-OCT-99,24-OCT-99,"11",0,0,"2","W10e"
"T03",1999,57,24-OCT-99,24-OCT-99,"12",0,0,"2","W11a"
"T03",1999,74,24-OCT-99,24-OCT-99,"12",0,0,"2","M97a"
"T03",1999,237,24-OCT-99,24-OCT-99,"12",0,0,"2","M97a"
"T03",1999,179,24-OCT-99,24-OCT-99,"12",0,0,"2","W24a"
"T03",1999,198,24-OCT-99,24-OCT-99,"12",0,0,"2","W24a"
"T03",1999,203,24-OCT-99,24-OCT-99,"12",0,0,"2",""
"T03",1999,75,24-OCT-99,24-OCT-99,"12",0,0,"2","W11a"
"T03",1999,311,26-OCT-99,26-OCT-99,"11/12",0,0,"2","W10e"
"T03",1999,331,26-OCT-99,26-OCT-99,"11/12",0,0,"2","W10e"
"T03",1999,52,26-OCT-99,26-OCT-99,"11/12",0,0,"2","W10e"
"T03",1999,204,26-OCT-99,26-OCT-99,"12",0,0,"2","OV24"
"T03",1999,239,26-OCT-99,26-OCT-99,"12",0,0,"2","OV24"
"T03",1999,243,26-OCT-99,26-OCT-99,"11",0,0,"2","W11a"
"T03",1999,271,26-OCT-99,26-OCT-99,"12",0,0,"2",""
"T03",1999,274,26-OCT-99,26-OCT-99,"13",0,0,"2","OV24"
"T03",1999,277,26-OCT-99,26-OCT-99,"12",0,0,"2","W11a"
"T03",1999,294,26-OCT-99,26-OCT-99,"13",0,0,"2","OV24"
"T11",2000,915,07-JUL-00,07-JUL-00,"18",5,95,"1","M6"
"T11",2000,916,07-JUL-00,07-JUL-00,"18",5,116,"2","M6"
"T11",2000,917,04-AUG-00,04-AUG-00,"16",35,18,"2","U4e"
"T11",2000,918,04-AUG-00,04-AUG-00,"16",25,,"3","U4e"
"T04",2002,164,11-JUN-02,,"18",,,"",""
"T04",2002,184,11-JUN-02,,"18",,,"",""
"T04",2002,78,12-JUN-02,,"18",,,"",""
"T04",2002,138,12-JUN-02,,"18",,,"",""
"T04",2002,505,12-JUN-02,,"18",,,"",""
"T04",2002,21,13-JUN-02,,"16",,,"",""
"T04",2002,1,13-JUN-02,,"16",,,"",""
"T04",2002,2,13-JUN-02,,"16",,,"",""
"T04",2002,13,13-JUN-02,,"16",,,"",""
"T04",2002,19,13-JUN-02,,"16",,,"",""
"T04",2002,16,17-JUN-02,,"19",,,"",""
"T04",2002,501,17-JUN-02,,"16",,,"",""
"T04",2002,500,17-JUN-02,,"16",,,"",""
"T08",2002,194,17-JUN-02,17-JUN-02,"11",15,30,"1","W8e"
"T08",2002,32,17-JUN-02,17-JUN-02,"11",8,180,"2","W14"
"T08",2002,104,17-JUN-02,17-JUN-02,"11",5,140,"2","W8a"
"T08",2002,72,17-JUN-02,17-JUN-02,"11",4,330,"2","W14"
"T04",2002,71,17-JUN-02,,"16",,,"",""
"T04",2002,61,17-JUN-02,,"16",,,"",""
"T08",2002,173,18-JUN-02,18-JUN-02,"3",4,310,"2","MG1d"
"T04",2002,507,18-JUN-02,,"18",,,"",""
"T04",2002,206,18-JUN-02,,"18",,,"",""
"T04",2002,800,18-JUN-02,,"18",,,"",""
"T04",2002,801,18-JUN-02,,"2",,,"",""
"T08",2002,168,18-JUN-02,18-JUN-02,"22",3,50,"2","W8"
"T04",2002,226,18-JUN-02,,"16",,,"",""
"T10",2004,47,21-JUN-02,21-JUN-02,"",,,"",""
"T10",2004,3,21-JUN-02,21-JUN-02,"",,,"",""
"T04",2002,454,24-JUN-02,,"2",,,"",""
"T04",2002,450,24-JUN-02,,"16",,,"",""
"T04",2002,444,24-JUN-02,,"11",,,"",""
"T04",2002,449,24-JUN-02,,"18",,,"",""
"T08",2002,421,25-JUN-02,25-JUN-02,"3",10,45,"2","MG5b"
"T08",2002,420,25-JUN-02,25-JUN-02,"2",2,45,"2","MG7a"
"T04",2002,247,25-JUN-02,,"18",,,"",""
"T04",2002,251,25-JUN-02,,"18",,,"",""
"T04",2002,254,25-JUN-02,,"16",,,"",""
"T04",2002,611,26-JUN-02,,"16",,,"",""
"T04",2002,371,26-JUN-02,,"2",,,"",""
"T08",2002,218,27-JUN-02,27-JUN-02,"11",4,330,"2","W8a"
"T08",2002,327,27-JUN-02,27-JUN-02,"11",8,50,"3","W8a"
"T08",2002,239,27-JUN-02,27-JUN-02,"11",5,5,"2","W8a"
"T08",2002,61,27-JUN-02,27-JUN-02,"13",5,160,"2","W8"
"T10",2004,28,28-JUN-02,28-JUN-02,"",,,"",""
"T08",2002,401,28-JUN-02,28-JUN-02,"2",2,10,"2","MG7a"
"T04",2002,399,01-JUL-02,,"2",,,"",""
"T04",2002,411,01-JUL-02,,"2",,,"",""
"T08",2002,416,01-JUL-02,01-JUL-02,"2",2,45,"2","MG7a"
"T07",2002,156,02-JUL-02,02-JUL-02,"16",6,100,"2","U4E"
"T04",2002,307,02-JUL-02,,"18",,,"",""
"T04",2002,326,02-JUL-02,,"16",,,"",""
"T04",2002,348,03-JUL-02,,"18",,,"",""
"T04",2002,429,03-JUL-02,,"18",,,"",""
"T04",2002,419,03-JUL-02,,"16",,,"",""
"T04",2002,428,03-JUL-02,,"18",,,"",""
"T07",2002,272,03-JUL-02,03-JUL-02,"16",15,244,"3","MG9A"
"T07",2002,151,04-JUL-02,04-JUL-02,"16",11,178,"1","U5A"
"T07",2002,152,04-JUL-02,04-JUL-02,"16",12,180,"2","U5A"
"T07",2002,1,05-JUL-02,05-JUL-02,"15",3,142,"2","M20A"
"T07",2002,6,05-JUL-02,05-JUL-02,"15",6,127,"2","M20A"
"T04",2002,310,08-JUL-02,,"18",,,"",""
"T07",2002,278,08-JUL-02,08-JUL-02,"16",9,324,"2","M23A"
"T07",2002,277,08-JUL-02,08-JUL-02,"16",3,284,"2","MG9A"
"T07",2002,308,09-JUL-02,09-JUL-02,"16",10,282,"2","MG10A"
"T04",2002,396,09-JUL-02,,"18",,,"",""
"T07",2002,320,09-JUL-02,09-JUL-02,"16",18,122,"2","U20A"
"T07",2002,451,11-JUL-02,11-JUL-02,"16",32,278,"2","U4A"
"T04",2002,372,11-JUL-02,,"18",,,"",""
"T04",2002,390,11-JUL-02,,"16",,,"",""
"T04",2002,402,11-JUL-02,,"16",,,"",""
"T04",2002,404,11-JUL-02,,"18",,,"",""
"T07",2002,436,11-JUL-02,11-JUL-02,"16",4,0,"2","U4D"
"T07",2002,305,15-JUL-02,15-JUL-02,"16",13,150,"2","MG10A"
"T07",2002,30,16-JUL-02,16-JUL-02,"15",4,255,"2","H12A"
"T07",2002,2,16-JUL-02,16-JUL-02,"15",7,210,"2","H12A"
"T07",2002,47,17-JUL-02,17-JUL-02,"16",18,117,"3","U20A"
"T07",2002,102,18-JUL-02,18-JUL-02,"16",8,260,"2","M23A"
"T07",2002,59,19-JUL-02,19-JUL-02,"16",22,120,"3","U4B"
"T04",2002,509,23-JUL-02,,"18",,,"",""
"T04",2002,502,26-JUL-02,,"18",,,"",""
"T10",2004,888,05-AUG-02,05-AUG-02,"",,,"",""
"T10",2004,777,05-AUG-02,05-AUG-02,"",,,"",""
"T10",2004,277,05-AUG-02,05-AUG-02,"",,,"",""
"T10",2004,256,05-AUG-02,05-AUG-02,"",,,"",""
"T10",2004,237,05-AUG-02,05-AUG-02,"",,,"",""
"T10",2004,269,06-AUG-02,06-AUG-02,"",,,"",""
"T10",2004,249,06-AUG-02,06-AUG-02,"",,,"",""
"T10",2004,50,07-AUG-02,07-AUG-02,"",,,"",""
"T10",2004,34,07-AUG-02,07-AUG-02,"",,,"",""
"T10",2004,56,19-AUG-02,19-AUG-02,"",,,"",""
"T10",2004,444,19-AUG-02,19-AUG-02,"",,,"",""
"T10",2004,219,21-AUG-02,21-AUG-02,"",,,"",""
"T10",2004,288,22-AUG-02,22-AUG-02,"",,,"",""
"T08",2002,370,23-AUG-02,23-AUG-02,"18",2,60,"2","S26a"
"T12",2002,2,02-SEP-02,,"",,,"",""
"T12",2002,280,03-SEP-02,,"",,,"",""
"T12",2002,349,03-SEP-02,,"",,,"",""
"T12",2002,335,03-SEP-02,,"",,,"",""
"T12",2002,24,04-SEP-02,,"",,,"",""
"T12",2002,74,05-SEP-02,,"",,,"",""
"T12",2002,7,05-SEP-02,,"",,,"",""
"T12",2002,41,05-SEP-02,,"",,,"",""
"T12",2002,92,10-SEP-02,,"",,40,"",""
"T12",2002,100,11-SEP-02,,"",,220,"",""
"T12",2002,54,11-SEP-02,,"",,235,"",""
"T12",2002,134,11-SEP-02,,"",,270,"",""
"T02",2002,436,24-SEP-02,24-SEP-02,"15",16,280,"2","H12"
"T02",2002,435,24-SEP-02,24-SEP-02,"15",20,280,"2","H12"
"T02",2002,437,25-SEP-02,25-SEP-02,"3",25,180,"1","U20"
"T10",2004,208,26-SEP-02,26-SEP-02,"",,,"",""
"T02",2002,424,27-SEP-02,27-SEP-02,"15",15,293,"1","H10/H12"
"T02",2002,428,27-SEP-02,27-SEP-02,"2",12,285,"2","MG6"
"T02",2002,443,27-SEP-02,27-SEP-02,"15",15,161,"2","H12"
"T02",2002,434,27-SEP-02,27-SEP-02,"15",13,170,"2","H12"
"T02",2002,440,01-OCT-02,01-OCT-02,"2",5,63,"2","U4"
"T02",2002,384,01-OCT-02,01-OCT-02,"2",13,300,"2","U4"
"T02",2002,396,01-OCT-02,01-OCT-02,"2",16,114,"2","U4"
"T02",2002,441,02-OCT-02,02-OCT-02,"18",6,170,"2","M23"
"T02",2002,439,03-OCT-02,03-OCT-02,"18",5,84,"1","M19"
"T10",2004,999,03-OCT-02,03-OCT-02,"",,,"",""
"T10",2004,666,03-OCT-02,03-OCT-02,"",,,"",""
"T02",2002,442,04-OCT-02,04-OCT-02,"18",7,330,"2","M19b"
"T02",2002,438,08-OCT-02,08-OCT-02,"3",14,302,"2","M23"
"T10",2004,287,13-OCT-02,13-OCT-02,"",,,"",""
"T07",2003,1,08-JUL-03,08-JUL-03,"15",3,142,"2","M20A"
"T07",2003,6,08-JUL-03,08-JUL-03,"15",6,127,"2","M20A"
"T07",2003,30,10-JUL-03,10-JUL-03,"15",4,255,"2","H12A"
"T07",2003,151,10-JUL-03,10-JUL-03,"16",11,178,"1","U5A"
"T07",2003,277,11-JUL-03,11-JUL-03,"16",3,284,"2","MG9A"
"T07",2003,278,15-JUL-03,15-JUL-03,"16",9,324,"2","M23A"
"T07",2003,308,17-JUL-03,17-JUL-03,"16",10,282,"2","MG10A"
"T07",2003,451,18-JUL-03,18-JUL-03,"16",32,278,"2","U4A"
"T07",2003,436,18-JUL-03,18-JUL-03,"16",4,0,"2","U4D"
"T07",2003,47,21-JUL-03,21-JUL-03,"16",18,117,"3","U20A"
"T07",2003,59,22-JUL-03,22-JUL-03,"16",22,120,"3","U4B"
"T10",2004,247,18-MAY-04,18-MAY-04,"",,,"",""
"T10",2004,289,18-MAY-04,18-MAY-04,"",,,"",""
"T10",2004,99,19-MAY-04,19-MAY-04,"",,,"",""
"T10",2004,555,08-JUN-04,08-JUN-04,"",,,"",""
"T10",2004,14,09-JUN-04,09-JUN-04,"",,,"",""
"T10",2004,32,09-JUN-04,09-JUN-04,"",,,"",""
"T10",2004,162,30-JUN-04,30-JUN-04,"",,,"",""
"T07",2004,278,09-JUL-04,09-JUL-04,"16",9,324,"2","M23A"
"T07",2004,277,12-JUL-04,12-JUL-04,"16",3,284,"2","MG9A"
"T07",2004,308,13-JUL-04,13-JUL-04,"16",10,282,"2","MG10A"
"T07",2004,436,13-JUL-04,13-JUL-04,"16",4,0,"2","U4D"
"T07",2004,151,14-JUL-04,14-JUL-04,"16",11,178,"1","U5A"
"T07",2004,6,15-JUL-04,15-JUL-04,"15",6,127,"2","M20A"
"T07",2004,1,15-JUL-04,15-JUL-04,"15",3,142,"2","M20A"
"T07",2004,30,15-JUL-04,15-JUL-04,"15",4,255,"2","H12A"
"T07",2004,47,16-JUL-04,16-JUL-04,"16",18,117,"3","U20A"
"T07",2004,451,16-JUL-04,16-JUL-04,"16",32,278,"2","U4A"
"T07",2004,59,16-JUL-04,16-JUL-04,"16",22,120,"3","U4B"
"T04",2004,1,19-JUL-04,,"",,,"",""
"T04",2004,501,19-JUL-04,19-JUL-04,"",,,"",""
"T04",2004,21,19-JUL-04,,"",,,"",""
"T04",2004,13,19-JUL-04,,"",,,"",""
"T04",2004,500,20-JUL-04,20-JUL-05,"",,,"",""
"T04",2004,78,20-JUL-04,,"",,,"",""
"T04",2004,502,20-JUL-04,,"",,,"",""
"T04",2004,61,20-JUL-04,20-JUL-04,"",,,"",""
"T04",2004,19,20-JUL-04,,"",,,"",""
"T04",2004,71,21-JUL-04,21-JUL-04,"",,,"",""
"T04",2004,507,22-JUL-04,,"",,,"",""
"T04",2004,206,22-JUL-04,,"",,,"",""
"T04",2004,226,22-JUL-04,22-JUL-04,"",,,"",""
"T04",2004,800,22-JUL-04,,"",,,"",""
"T04",2014,254,22-JUL-04,22-JUL-14,"",,,"",""
"T04",2004,509,22-JUL-04,,"",,,"",""
"T04",2004,450,03-AUG-04,,"",,,"",""
"T04",2004,444,03-AUG-04,,"",,,"",""
"T04",2004,411,03-AUG-04,03-AUG-04,"",,,"",""
"T04",2004,371,03-AUG-04,03-AUG-04,"",,,"",""
"T04",2004,254,05-AUG-04,05-AUG-05,"",,,"",""
"T04",2004,247,05-AUG-04,05-AUG-04,"",,,"",""
"T04",2004,611,05-AUG-04,,"",,,"",""
"T10",2004,261,17-SEP-04,17-SEP-04,"",,,"",""
"T10",2004,148,17-SEP-04,17-SEP-04,"",,,"",""
"T10",2005,277,20-MAY-05,20-MAY-05,"",,,"",""
"T10",2005,256,20-MAY-05,20-MAY-05,"",,,"",""
"T10",2005,888,20-MAY-05,20-MAY-05,"",,,"",""
"T10",2005,777,20-MAY-05,20-MAY-05,"",,,"",""
"T10",2005,288,25-MAY-05,25-MAY-05,"",,,"",""
"T10",2005,269,25-MAY-05,25-MAY-05,"",,,"",""
"T10",2005,287,25-MAY-05,25-MAY-05,"",,,"",""
"T10",2005,999,25-MAY-05,25-MAY-05,"",,,"",""
"T10",2005,237,25-MAY-05,25-MAY-05,"",,,"",""
"T10",2005,444,26-MAY-05,26-MAY-05,"",,,"",""
"T10",2005,666,31-MAY-05,,"",,,"",""
"T10",2005,219,31-MAY-05,31-MAY-05,"",,,"",""
"T10",2005,555,01-JUN-05,01-JUN-05,"",,,"",""
"T10",2005,247,01-JUN-05,01-JUN-05,"",,,"",""
"T10",2005,3,01-JUN-05,01-JUN-05,"",,,"",""
"T10",2005,47,01-JUN-05,01-JUN-05,"",,,"",""
"T10",2005,249,01-JUN-05,01-JUN-05,"",,,"",""
"T10",2005,208,02-JUN-05,02-JUN-05,"",,,"",""
"T10",2005,56,02-JUN-05,02-JUN-05,"",,,"",""
"T10",2005,148,02-JUN-05,02-JUN-05,"",,,"",""
"T10",2005,99,02-JUN-05,02-JUN-05,"",,,"",""
"T10",2005,28,02-JUN-05,02-JUN-05,"",,,"",""
"T10",2005,261,02-JUN-05,02-JUN-05,"",,,"",""
"T09",2005,433,03-JUN-05,03-JUN-05,"12",5,180,"2",""
"T09",2005,437,03-JUN-05,03-JUN-05,"12",2,255,"2",""
"T09",2005,401,04-JUN-05,04-JUN-05,"11",5,315,"",""
"T09",2005,410,07-JUN-05,07-JUN-05,"12",2,225,"2",""
"T09",2005,415,07-JUN-05,07-JUN-05,"12",0,0,"3",""
"T09",2005,409,07-JUN-05,07-JUN-05,"12",1,344,"2",""
"T09",2005,407,08-JUN-05,08-JUN-05,"13",8,315,"1",""
"T09",2005,506,08-JUN-05,08-JUN-05,"12",7,0,"2",""
"T09",2005,507,08-JUN-05,08-JUN-05,"12",0,0,"2",""
"T09",2005,405,08-JUN-05,08-JUN-05,"12",0,0,"3",""
"T09",2005,411,08-JUN-05,08-JUN-05,"12",0,0,"3",""
"T09",2005,403,09-JUN-05,09-JUN-05,"12",3,315,"2",""
"T10",2005,50,14-JUN-05,14-JUN-05,"",,,"",""
"T09",2005,406,14-JUN-05,14-JUN-05,"12",0,0,"2",""
"T09",2005,402,14-JUN-05,14-JUN-05,"12",0,0,"2",""
"T09",2005,418,17-JUN-05,17-JUN-05,"11",0,0,"2",""
"T09",2005,417,17-JUN-05,17-JUN-05,"11",4,296,"2",""
"T09",2005,413,17-JUN-05,17-JUN-05,"12",5,270,"2",""
"T09",2005,412,17-JUN-05,17-JUN-05,"12",0,0,"3",""
"T09",2005,502,17-JUN-05,17-JUN-05,"12",4,90,"2",""
"T09",2005,434,17-JUN-05,17-JUN-05,"12",0,0,"3",""
"T04",2005,164,20-JUN-05,,"",,,"",""
"T04",2005,184,20-JUN-05,,"",,,"",""
"T05",2005,9,20-JUN-05,20-JUN-05,"2",4,94,"2",""
"T05",2005,26,20-JUN-05,20-JUN-05,"2",10,118,"2",""
"T05",2005,51,20-JUN-05,20-JUN-05,"2",4,184,"2",""
"T05",2005,91,20-JUN-05,20-JUN-05,"2",9,15,"2",""
"T05",2005,118,20-JUN-05,20-JUN-05,"2",3,58,"2",""
"T05",2005,210,20-JUN-05,20-JUN-05,"2",4,206,"2",""
"T05",2005,256,20-JUN-05,20-JUN-05,"2",0,0,"2",""
"T05",2005,289,20-JUN-05,20-JUN-05,"2",12,230,"2",""
"T04",2005,800,20-JUN-05,,"",,,"",""
"T09",2005,422,20-JUN-05,20-JUN-05,"12",0,0,"2",""
"T04",2005,206,21-JUN-05,,"",,,"",""
"T04",2005,507,21-JUN-05,,"",,,"",""
"T04",2005,509,21-JUN-05,,"",,,"",""
"T09",2005,419,21-JUN-05,21-JUN-05,"11",5,90,"2",""
"T09",2005,421,21-JUN-05,21-JUN-05,"12",0,0,"3",""
"T09",2005,423,21-JUN-05,21-JUN-05,"12",5,180,"2",""
"T04",2005,226,21-JUN-05,,"",,,"",""
"T05",2005,344,22-JUN-05,22-JUN-05,"18",0,0,"2",""
"T05",2005,343,22-JUN-05,22-JUN-05,"18",0,0,"2",""
"T05",2005,336,22-JUN-05,22-JUN-05,"11",4,230,"2",""
"T05",2005,334,22-JUN-05,22-JUN-05,"11",4,276,"2",""
"T05",2005,332,22-JUN-05,22-JUN-05,"11",4,284,"2",""
"T05",2005,329,22-JUN-05,,"11",8,276,"2",""
"T05",2005,323,22-JUN-05,22-JUN-05,"11",4,310,"2",""
"T05",2005,318,22-JUN-05,22-JUN-05,"11",0,310,"2",""
"T10",2005,34,22-JUN-05,22-JUN-05,"",,,"",""
"T10",2005,162,22-JUN-05,22-JUN-05,"",,,"",""
"T10",2005,32,22-JUN-05,22-JUN-05,"",,,"",""
"T10",2005,14,22-JUN-05,22-JUN-05,"",,,"",""
"T04",2005,138,22-JUN-05,,"",,,"",""
"T04",2005,78,22-JUN-05,,"",,,"",""
"T04",2005,801,22-JUN-05,,"",,,"",""
"T04",2005,505,22-JUN-05,,"",,,"",""
"T04",2005,502,23-JUN-05,,"",,,"",""
"T04",2005,501,23-JUN-05,,"",,,"",""
"T04",2005,16,23-JUN-05,,"",,,"",""
"T04",2005,19,23-JUN-05,,"",,,"",""
"T04",2005,500,23-JUN-05,,"",,,"",""
"T04",2005,61,23-JUN-05,,"",,,"",""
"T04",2005,71,23-JUN-05,,"",,,"",""
"T04",2005,21,24-JUN-05,,"",,,"",""
"T04",2005,2,24-JUN-05,,"",,,"",""
"T04",2005,13,24-JUN-05,,"",,,"",""
"T04",2005,1,24-JUN-05,,"",,,"",""
"T08",2005,104,28-JUN-05,28-JUN-05,"",,,"",""
"T08",2005,421,28-JUN-05,28-JUN-05,"",,,"",""
"T08",2005,194,28-JUN-05,28-JUN-05,"",,,"",""
"T07",2005,6,28-JUN-05,28-JUN-05,"15",6,127,"2",""
"T08",2005,72,28-JUN-05,28-JUN-05,"",,,"",""
"T08",2005,32,28-JUN-05,28-JUN-05,"",,,"",""
"T07",2005,1,28-JUN-05,28-JUN-05,"15",3,142,"2",""
"T08",2005,61,29-JUN-05,30-JUN-05,"",,,"",""
"T07",2005,151,30-JUN-05,30-JUN-05,"16",11,178,"1",""
"T07",2005,2,30-JUN-05,30-JUN-05,"15",7,210,"2",""
"T08",2005,327,30-JUN-05,30-JUN-05,"",,,"",""
"T08",2005,168,30-JUN-05,30-JUN-05,"",,,"",""
"T07",2005,30,30-JUN-05,30-JUN-05,"15",4,255,"2",""
"T08",2005,370,30-JUN-05,30-JUN-05,"",,,"",""
"T07",2005,152,01-JUL-05,01-JUL-05,"16",12,180,"2",""
"T08",2005,218,01-JUL-05,01-JUL-05,"",,,"",""
"T08",2005,239,01-JUL-05,01-JUL-05,"",,,"",""
"T09",2005,416,04-JUL-05,04-JUL-05,"11",2,315,"2",""
"T09",2005,420,04-JUL-05,04-JUL-05,"12",1,315,"2",""
"T04",2005,419,04-JUL-05,,"",,,"",""
"T09",2005,505,04-JUL-05,04-JUL-05,"11",1,242,"2",""
"T04",2005,428,04-JUL-05,,"",,,"",""
"T04",2005,429,04-JUL-05,,"",,,"",""
"T04",2005,372,04-JUL-05,,"",,,"",""
"T07",2005,156,05-JUL-05,05-JUL-05,"16",6,100,"2",""
"T04",2005,402,05-JUL-05,,"",,,"",""
"T04",2005,404,05-JUL-05,,"",,,"",""
"T07",2005,272,05-JUL-05,05-JUL-05,"16",15,244,"3",""
"T04",2005,390,05-JUL-05,,"",,,"",""
"T04",2005,399,06-JUL-05,,"",,,"",""
"T04",2005,371,06-JUL-05,,"",,,"",""
"T04",2005,449,06-JUL-05,,"",,,"",""
"T04",2005,411,06-JUL-05,,"",,,"",""
"T04",2005,310,07-JUL-05,,"",,,"",""
"T04",2005,450,07-JUL-05,,"",,,"",""
"T09",2005,442,07-JUL-05,07-JUL-05,"11",0,0,"3",""
"T04",2005,454,07-JUL-05,,"",,,"",""
"T07",2005,320,07-JUL-05,07-JUL-05,"16",18,122,"2",""
"T04",2005,444,07-JUL-05,,"",,,"",""
"T07",2005,277,07-JUL-05,07-JUL-05,"16",3,284,"2",""
"T07",2005,308,08-JUL-05,08-JUL-05,"16",10,282,"2",""
"T09",2005,504,08-JUL-05,08-JUL-05,"12",2,270,"2",""
"T09",2005,414,08-JUL-05,08-JUL-05,"12",3,315,"2",""
"T04",2005,307,09-JUL-05,,"",,,"",""
"T09",2005,438,09-JUL-05,09-JUL-05,"11",,,"2",""
"T04",2005,326,09-JUL-05,,"",,,"",""
"T04",2005,348,09-JUL-05,,"",,,"",""
"T04",2005,396,09-JUL-05,,"",,,"",""
"T08",2005,423,11-JUL-05,11-JUL-05,"",,,"",""
"T08",2005,401,11-JUL-05,11-JUL-05,"",,,"",""
"T09",2005,447,11-JUL-05,11-JUL-05,"11",3,82,"2",""
"T09",2005,448,11-JUL-05,11-JUL-05,"11",,,"3",""
"T08",2005,422,12-JUL-05,12-JUL-05,"",,,"",""
"T09",2005,449,12-JUL-05,12-JUL-05,"11",1,71,"2",""
"T09",2005,446,12-JUL-05,12-JUL-05,"11",1,70,"2",""
"T09",2005,501,14-JUL-05,14-JUL-05,"13",6,135,"2",""
"T09",2005,436,14-JUL-05,14-JUL-05,"12",5,360,"2",""
"T09",2005,429,17-JUL-05,17-JUL-05,"12",6,180,"2",""
"T09",2005,500,19-JUL-05,19-JUL-05,"13",180,2,"2",""
"T07",2005,436,19-JUL-05,19-JUL-05,"16",4,0,"2",""
"T07",2005,305,19-JUL-05,19-JUL-05,"16",13,150,"2",""
"T07",2005,451,20-JUL-05,20-JUL-05,"16",32,278,"2",""
"T04",2005,254,21-JUL-05,,"",,,"",""
"T04",2005,251,21-JUL-05,,"",,,"",""
"T07",2005,102,21-JUL-05,21-JUL-05,"16",8,260,"2",""
"T09",2005,445,21-JUL-05,21-JUL-05,"11",0,0,"4",""
"T04",2005,611,21-JUL-05,,"",,,"",""
"T04",2005,247,21-JUL-05,,"",,,"",""
"T07",2005,47,22-JUL-05,22-JUL-05,"16",18,117,"3",""
"T07",2005,59,22-JUL-05,22-JUL-05,"16",22,120,"3",""
"T09",2005,439,22-JUL-05,22-JUL-05,"12",3,90,"2",""
"T09",2005,426,22-JUL-05,22-JUL-05,"12",4,135,"2",""
"T09",2005,424,22-JUL-05,22-JUL-05,"12",0,0,"3",""
"T09",2005,425,22-JUL-05,22-JUL-05,"16",0,0,"3",""
"T08",2005,420,27-JUL-05,27-JUL-05,"",,,"",""
"T09",2005,431,27-JUL-05,27-JUL-05,"12",2,135,"2",""
"T08",2005,416,27-JUL-05,27-JUL-05,"",,,"",""
"T08",2005,431,01-AUG-05,01-AUG-05,"",,,"",""
"T08",2005,430,01-AUG-05,01-AUG-05,"",,,"",""
"T04",2004,251,05-AUG-05,,"",,,"",""
"T12",2005,41,09-AUG-05,09-AUG-05,"15",,,"2",""
"T12",2005,321,09-AUG-05,09-AUG-05,"19",,,"",""
"T12",2005,74,09-AUG-05,09-AUG-05,"15",,,"",""
"T12",2005,349,09-AUG-05,09-AUG-05,"19",,,"",""
"T12",2005,92,09-AUG-05,09-AUG-05,"15",,,"",""
"T12",2005,2,09-AUG-05,09-AUG-05,"12",,,"2",""
"T12",2005,7,09-AUG-05,09-AUG-05,"12",,,"2",""
"T12",2005,335,10-AUG-05,10-AUG-05,"19",,,"",""
"T12",2005,331,10-AUG-05,10-AUG-05,"19",,,"",""
"T12",2005,308,10-AUG-05,10-AUG-05,"19",,,"",""
"T12",2005,280,10-AUG-05,,"19",,,"",""
"T12",2005,54,11-AUG-05,11-AUG-05,"15",,,"",""
"T12",2005,24,11-AUG-05,11-AUG-05,"15",,,"2",""
"T12",2005,166,11-AUG-05,11-AUG-05,"15",,,"",""
"T12",2005,149,11-AUG-05,11-AUG-05,"15",,,"",""
"T12",2005,134,11-AUG-05,11-AUG-05,"15",,,"",""
"T12",2005,100,11-AUG-05,11-AUG-05,"15",,,"",""
"T12",2005,245,12-AUG-05,12-AUG-05,"15",,,"",""
"T12",2005,269,12-AUG-05,12-AUG-05,"19",,,"",""
"T02",2005,441,06-SEP-05,06-SEP-05,"18",6,170,"2",""
"T02",2005,439,06-SEP-05,06-SEP-05,"18",5,84,"1",""
"T02",2005,443,06-SEP-05,06-SEP-05,"15",15,161,"2",""
"T02",2005,434,06-SEP-05,06-SEP-05,"15",13,170,"2",""
"T02",2005,436,07-SEP-05,07-SEP-05,"15",16,280,"2",""
"T02",2005,440,07-SEP-05,07-SEP-05,"2",5,63,"2",""
"T02",2005,435,07-SEP-05,07-SEP-05,"15",20,280,"2",""
"T02",2005,437,14-SEP-05,14-SEP-05,"3",25,180,"1",""
"T02",2005,438,14-SEP-05,14-SEP-05,"3",14,302,"2",""
"T02",2005,442,14-SEP-05,14-SEP-05,"18",7,330,"2",""
"T02",2005,396,16-SEP-05,16-SEP-05,"2",16,114,"2",""
"T02",2005,424,16-SEP-05,16-SEP-05,"15",15,293,"1",""
"T02",2005,384,16-SEP-05,16-SEP-05,"2",13,300,"2",""
"T02",2005,428,16-SEP-05,16-SEP-05,"2",12,285,"2",""
"T11",2005,917,25-SEP-05,25-SEP-05,"16",35,18,"2","U4e"
"T11",2005,918,25-SEP-05,25-SEP-05,"16",25,40,"3","U4e"
"T11",2005,906,25-SEP-05,25-SEP-05,"15",40,2,"2","H18a"
"T11",2005,905,25-SEP-05,25-SEP-05,"15",40,35,"2","H18a"
"T11",2005,915,26-SEP-05,26-SEP-05,"18",5,95,"1","M6"
"T11",2005,916,26-SEP-05,26-SEP-05,"18",5,116,"2","M6"
"T11",2005,909,26-SEP-05,26-SEP-05,"15",1,,"1","M15b"
"T11",2005,910,26-SEP-05,26-SEP-05,"15",2,,"2","M15b"
"T11",2005,911,26-SEP-05,26-SEP-05,"18",0,,"2","M17a"
"T11",2005,912,26-SEP-05,26-SEP-05,"18",0,,"2","M17a"
"T11",2005,904,27-SEP-05,27-SEP-05,"15",25,240,"2","H15"
"T11",2005,903,27-SEP-05,27-SEP-05,"15",5,255,"2","H15"
"T11",2005,914,28-SEP-05,28-SEP-05,"16",10,320,"1","U5b"
"T11",2005,913,29-SEP-05,29-SEP-05,"16",10,320,"1","U5b"
"T11",2005,902,29-SEP-05,29-SEP-05,"16",10,215,"3","CG10a"
"T11",2005,901,29-SEP-05,29-SEP-05,"16",15,195,"3","CG10a"
"T11",2005,908,04-OCT-05,04-OCT-05,"15",15,95,"3","H21a"
"T11",2005,907,04-OCT-05,04-OCT-05,"15",15,220,"3","H21a"
"T04",2006,501,26-JUN-06,26-JUN-06,"",,,"",""
"T04",2006,206,27-JUN-06,27-JUN-06,"",,,"",""
"T04",2006,226,27-JUN-06,27-JUN-06,"",,,"",""
"T04",2006,507,27-JUN-06,27-JUN-06,"",,,"",""
"T04",2006,800,27-JUN-06,27-JUN-06,"",,,"",""
"T04",2006,509,27-JUN-06,27-JUN-06,"",,,"",""
"T04",2006,61,28-JUN-06,28-JUN-06,"",,,"",""
"T04",2006,21,28-JUN-06,28-JUN-06,"",,,"",""
"T04",2006,13,28-JUN-06,28-JUN-06,"",,,"",""
"T04",2006,1,28-JUN-06,28-JUN-06,"",,,"",""
"T04",2006,71,29-JUN-06,,"",,,"",""
"T04",2006,502,29-JUN-06,29-JUN-06,"",,,"",""
"T04",2006,78,29-JUN-06,20-JUL-06,"",,,"",""
"T04",2006,500,30-JUN-06,30-JUN-06,"",,,"",""
"T04",2006,19,30-JUN-06,30-JUN-06,"",,,"",""
"T08",2006,422,30-JUN-06,30-JUN-06,"",,,"",""
"T04",2006,371,03-JUL-06,03-JUL-06,"",,,"",""
"T08",2006,423,03-JUL-06,03-JUL-06,"",,,"",""
"T04",2006,411,03-JUL-06,03-JUL-06,"",,,"",""
"T04",2006,449,03-JUL-06,03-JUL-06,"",,,"",""
"T04",2006,450,03-JUL-06,03-JUL-06,"",,,"",""
"T04",2006,444,03-JUL-06,03-JUL-06,"",,,"",""
"T04",2006,611,04-JUL-06,04-JUL-06,"",,,"",""
"T04",2006,251,04-JUL-06,04-JUL-06,"",,,"",""
"T04",2006,254,04-JUL-06,04-JUL-06,"",,,"",""
"T04",2006,247,04-JUL-06,04-JUL-06,"",,,"",""
"T07",2006,1,06-JUL-06,06-JUL-06,"15",3,142,"2",""
"T07",2006,6,06-JUL-06,06-JUL-06,"15",6,127,"2",""
"T07",2006,277,07-JUL-06,07-JUL-06,"16",3,284,"2",""
"T08",2006,72,11-JUL-06,11-JUL-06,"",,,"",""
"T08",2006,173,11-JUL-06,11-JUL-06,"",,,"",""
"T08",2006,194,11-JUL-06,11-JUL-06,"",,,"",""
"T08",2006,32,11-JUL-06,11-JUL-06,"",,,"",""
"T08",2006,401,12-JUL-06,12-JUL-06,"",,,"",""
"T08",2006,239,12-JUL-06,12-JUL-06,"",,,"",""
"T08",2006,61,12-JUL-06,12-JUL-06,"",,,"",""
"T10",2006,208,12-JUL-06,12-JUL-06,"",,,"",""
"T10",2006,148,12-JUL-06,12-JUL-06,"",,,"",""
"T10",2006,56,12-JUL-06,12-JUL-06,"",,,"",""
"T07",2006,308,14-JUL-06,14-JUL-06,"16",10,282,"2",""
"T08",2006,416,17-JUL-06,17-JUL-06,"",,,"",""
"T07",2006,47,18-JUL-06,18-JUL-06,"16",18,117,"3",""
"T07",2006,59,18-JUL-06,18-JUL-06,"16",22,120,"3",""
"T07",2006,278,19-JUL-06,19-JUL-06,"16",9,324,"2",""
"T07",2006,151,19-JUL-06,19-JUL-06,"16",11,178,"1",""
"T07",2006,436,20-JUL-06,20-JUL-06,"16",4,0,"2",""
"T08",2006,421,21-JUL-06,21-JUL-06,"",,,"",""
"T07",2006,451,21-JUL-06,21-JUL-06,"16",32,278,"2",""
"T08",2006,327,21-JUL-06,21-JUL-06,"",,,"",""
"T08",2006,420,21-JUL-06,21-JUL-06,"",,,"",""
"T08",2006,168,21-JUL-06,21-JUL-06,"",,,"",""
"T11",2006,914,08-AUG-06,08-AUG-06,"",,,"",""
"T11",2006,913,08-AUG-06,08-AUG-06,"",,,"",""
"T11",2006,910,08-AUG-06,08-AUG-06,"",,,"",""
"T11",2006,916,09-AUG-06,09-AUG-06,"",,,"",""
"T11",2006,904,09-AUG-06,09-AUG-06,"",,,"",""
"T11",2006,901,09-AUG-06,09-AUG-06,"",,,"",""
"T11",2006,902,09-AUG-06,09-AUG-06,"",,,"",""
"T11",2006,903,09-AUG-06,09-AUG-06,"",,,"",""
"T11",2006,912,10-AUG-06,10-AUG-06,"",,,"",""
"T11",2006,909,10-AUG-06,10-AUG-06,"",,,"",""
"T11",2006,906,10-AUG-06,10-AUG-06,"",,,"",""
"T11",2006,905,10-AUG-06,10-AUG-06,"",,,"",""
"T11",2006,915,10-AUG-06,10-AUG-06,"",,,"",""
"T11",2006,917,10-AUG-06,10-AUG-06,"",,,"",""
"T10",2006,3,17-AUG-06,17-AUG-06,"",,,"",""
"T10",2006,47,17-AUG-06,17-AUG-06,"",,,"",""
"T10",2006,269,17-AUG-06,17-AUG-06,"",,,"",""
"T10",2006,256,17-AUG-06,17-AUG-06,"",,,"",""
"T10",2006,999,17-AUG-06,17-AUG-06,"",,,"",""
"T10",2006,99,17-AUG-06,17-AUG-06,"",,,"",""
"T10",2006,219,17-AUG-06,17-AUG-06,"",,,"",""
"T10",2006,32,21-AUG-06,21-AUG-06,"",,,"",""
"T10",2006,28,21-AUG-06,21-AUG-06,"",,,"",""
"T10",2006,11,21-AUG-06,21-AUG-06,"",,,"",""
"T05",2006,1,23-AUG-06,23-AUG-06,"",,,"",""
"T05",2006,7,23-AUG-06,23-AUG-06,"",,,"",""
"T05",2006,13,23-AUG-06,23-AUG-06,"",,,"",""
"T05",2006,14,23-AUG-06,23-AUG-06,"",,,"",""
"T05",2006,15,23-AUG-06,23-AUG-06,"",,,"",""
"T05",2006,18,23-AUG-06,23-AUG-06,"",,,"",""
"T05",2006,19,23-AUG-06,23-AUG-06,"",,,"",""
"T05",2006,20,23-AUG-06,23-AUG-06,"",,,"",""
"T05",2006,22,23-AUG-06,23-AUG-06,"",,,"",""
"T05",2006,23,23-AUG-06,23-AUG-09,"",,,"",""
"T02",2006,439,04-SEP-06,04-SEP-06,"18",5,84,"1",""
"T12",2006,92,04-SEP-06,04-SEP-06,"",,,"",""
"T12",2006,74,04-SEP-06,04-SEP-06,"",,,"",""
"T12",2006,41,04-SEP-06,04-SEP-06,"",,,"",""
"T12",2006,7,04-SEP-06,04-SEP-06,"",,,"",""
"T02",2006,434,04-SEP-06,04-SEP-06,"15",13,170,"2",""
"T02",2006,443,04-SEP-06,04-SEP-06,"15",15,161,"2",""
"T02",2006,441,04-SEP-06,04-SEP-06,"18",6,170,"2",""
"T12",2006,349,05-SEP-06,05-SEP-06,"",,,"",""
"T12",2006,134,05-SEP-06,05-SEP-06,"",,,"",""
"T12",2006,280,05-SEP-06,05-SEP-06,"",,,"",""
"T12",2006,149,06-SEP-06,06-SEP-06,"",,,"",""
"T12",2006,2,06-SEP-06,06-SEP-06,"",,,"",""
"T12",2006,331,06-SEP-06,06-SEP-06,"",,,"",""
"T12",2006,269,06-SEP-06,06-SEP-06,"",,,"",""
"T12",2006,321,06-SEP-06,06-SEP-06,"",,,"",""
"T12",2006,245,06-SEP-06,06-SEP-06,"",,,"",""
"T02",2006,436,11-SEP-06,11-SEP-06,"15",16,280,"2",""
"T02",2006,442,11-SEP-06,11-SEP-06,"18",7,330,"2",""
"T02",2006,437,11-SEP-06,11-SEP-06,"3",25,180,"1",""
"T02",2006,435,11-SEP-06,11-SEP-06,"15",20,280,"2",""
"T02",2006,440,12-SEP-06,12-SEP-06,"2",5,63,"2",""
"T02",2006,438,12-SEP-06,12-SEP-06,"3",14,302,"2",""
"T02",2006,396,19-SEP-06,19-SEP-06,"2",16,114,"2",""
"T02",2006,384,19-SEP-06,19-SEP-06,"2",13,300,"2",""
"T02",2006,424,19-SEP-06,19-SEP-06,"15",15,293,"1",""
"T02",2006,428,19-SEP-06,19-SEP-06,"2",12,285,"2",""
"T09",2006,422,20-SEP-06,20-SEP-06,"",,,"",""
"T09",2006,414,20-SEP-06,20-SEP-06,"",,,"",""
"T09",2006,417,20-SEP-06,20-SEP-06,"",,,"",""
"T09",2006,403,20-SEP-06,20-SEP-06,"",,,"",""
"T09",2006,407,20-SEP-06,20-SEP-06,"",,,"",""
"T09",2006,425,20-SEP-06,20-SEP-06,"",,,"",""
"T09",2006,426,20-SEP-06,20-SEP-06,"",,,"",""
"T09",2006,434,21-SEP-06,21-SEP-06,"",,,"",""
"T09",2006,428,21-SEP-06,21-SEP-06,"",,,"",""
"T09",2006,424,21-SEP-06,21-SEP-06,"",,,"",""
"T09",2006,449,21-SEP-06,21-SEP-06,"",,,"",""
"T09",2006,421,21-SEP-06,21-SEP-06,"",,,"",""
"T09",2006,419,21-SEP-06,21-SEP-06,"",,,"",""
"T09",2006,418,21-SEP-06,21-SEP-06,"",,,"",""
"T06",2006,8,22-SEP-06,22-SEP-06,"",,,"",""
"T06",2006,7,22-SEP-06,22-SEP-06,"",,,"",""
"T06",2006,16,22-SEP-06,22-SEP-06,"",,,"",""
"T06",2006,15,22-SEP-06,22-SEP-06,"",,,"",""
"T06",2006,14,22-SEP-06,22-SEP-06,"",,,"",""
"T06",2006,13,22-SEP-06,22-SEP-06,"",,,"",""
"T06",2006,17,22-SEP-06,22-SEP-06,"",,,"",""
"T06",2006,18,22-SEP-06,22-SEP-06,"",,,"",""
"T04",2007,800,27-JUN-07,,"",,,"",""
"T04",2007,226,28-JUN-07,,"",,,"",""
"T04",2007,509,28-JUN-07,,"",,,"",""
"T04",2007,206,28-JUN-07,,"",,,"",""
"T04",2007,507,28-JUN-07,,"",,,"",""
"T04",2007,1,29-JUN-07,,"",,,"",""
"T04",2007,21,29-JUN-07,,"",,,"",""
"T04",2007,13,29-JUN-07,,"",,,"",""
"T04",2007,449,03-JUL-07,,"",,,"",""
"T04",2007,411,03-JUL-07,,"",,,"",""
"T04",2007,371,03-JUL-07,,"",,,"",""
"T04",2007,247,04-JUL-07,,"",,,"",""
"T04",2007,251,04-JUL-07,,"",,,"",""
"T04",2007,254,04-JUL-07,,"",,,"",""
"T04",2007,444,04-JUL-07,,"",,,"",""
"T04",2007,450,04-JUL-07,,"",,,"",""
"T04",2007,611,04-JUL-07,,"",,,"",""
"T07",2007,6,05-JUL-07,05-JUL-07,"15",6,127,"2",""
"T07",2007,1,05-JUL-07,05-JUL-07,"15",3,142,"2",""
"T07",2007,30,05-JUL-07,05-JUL-07,"15",4,255,"2",""
"T04",2007,78,06-JUL-07,,"",,,"",""
"T04",2007,502,06-JUL-07,,"",,,"",""
"T04",2007,71,06-JUL-07,,"",,,"",""
"T04",2007,501,07-JUL-07,,"",,,"",""
"T04",2007,500,07-JUL-07,,"",,,"",""
"T04",2007,61,07-JUL-07,,"",,,"",""
"T04",2007,19,07-JUL-07,,"",,,"",""
"T07",2007,278,09-JUL-07,09-JUL-07,"16",9,324,"2",""
"T07",2007,277,09-JUL-07,09-JUL-07,"16",3,284,"2",""
"T08",2007,61,10-JUL-07,,"",,,"",""
"T08",2007,327,10-JUL-07,,"",,,"",""
"T07",2007,308,10-JUL-07,10-JUL-07,"16",10,282,"2",""
"T08",2007,420,10-JUL-07,,"",,,"",""
"T07",2007,47,10-JUL-07,10-JUL-07,"16",18,117,"3",""
"T08",2007,421,10-JUL-07,,"",,,"",""
"T07",2007,151,11-JUL-07,11-JUL-07,"16",11,178,"1",""
"T07",2007,59,11-JUL-07,11-JUL-07,"16",22,120,"3",""
"T08",2007,239,12-JUL-07,,"",,,"",""
"T08",2007,416,12-JUL-07,,"",,,"",""
"T08",2007,401,12-JUL-07,,"",,,"",""
"T08",2007,168,12-JUL-07,,"",,,"",""
"T08",2007,173,12-JUL-07,,"",,,"",""
"T07",2007,451,16-JUL-07,16-JUL-07,"16",32,278,"2",""
"T07",2007,436,16-JUL-07,16-JUL-07,"16",4,0,"2",""
"T08",2007,72,17-JUL-07,,"",,,"",""
"T08",2007,32,17-JUL-07,,"",,,"",""
"T08",2007,194,17-JUL-07,,"",,,"",""
"T05",2007,1,19-JUL-07,,"",,,"",""
"T05",2007,7,19-JUL-07,,"",,,"",""
"T05",2007,13,19-JUL-07,,"",,,"",""
"T05",2007,14,19-JUL-07,,"",,,"",""
"T05",2007,15,19-JUL-07,,"",,,"",""
"T05",2007,18,19-JUL-07,,"",,,"",""
"T05",2007,19,19-JUL-07,,"",,,"",""
"T05",2007,20,19-JUL-07,,"",,,"",""
"T05",2007,21,19-JUL-07,,"",,,"",""
"T05",2007,22,19-JUL-07,,"",,,"",""
"T05",2007,23,19-JUL-07,,"",,,"",""
"T12",2007,2,24-JUL-07,,"",,,"",""
"T11",2007,916,24-JUL-07,,"",,,"",""
"T11",2007,915,24-JUL-07,,"",,,"",""
"T11",2007,902,24-JUL-07,,"",,,"",""
"T11",2007,901,24-JUL-07,,"",,,"",""
"T12",2007,245,24-JUL-07,,"",,,"",""
"T12",2007,149,24-JUL-07,,"",,,"",""
"T12",2007,134,24-JUL-07,,"",,,"",""
"T11",2007,912,25-JUL-07,,"",,,"",""
"T11",2007,904,25-JUL-07,,"",,,"",""
"T11",2007,917,25-JUL-07,,"",,,"",""
"T11",2007,909,25-JUL-07,,"",,,"",""
"T11",2007,910,25-JUL-07,,"",,,"",""
"T12",2007,349,25-JUL-07,,"",,,"",""
"T11",2007,903,25-JUL-07,,"",,,"",""
"T12",2007,335,25-JUL-07,,"",,,"",""
"T12",2007,321,25-JUL-07,,"",,,"",""
"T12",2007,280,25-JUL-07,,"",,,"",""
"T11",2007,905,26-JUL-07,,"",,,"",""
"T12",2007,74,26-JUL-07,,"",,,"",""
"T12",2007,92,26-JUL-07,,"",,,"",""
"T11",2007,914,26-JUL-07,,"",,,"",""
"T11",2007,913,26-JUL-07,,"",,,"",""
"T11",2007,906,26-JUL-07,,"",,,"",""
"T12",2007,7,26-JUL-07,,"",,,"",""
"T12",2007,41,26-JUL-07,,"",,,"",""
"T12",2007,269,27-JUL-07,,"",,,"",""
"T12",2007,331,28-JUL-07,,"",,,"",""
"T08",2007,422,13-AUG-07,13-AUG-07,"",,,"",""
"T08",2007,423,13-AUG-07,13-AUG-07,"",,,"",""
"T10",2007,999,20-AUG-07,,"",,,"",""
"T10",2007,269,20-AUG-07,,"",,,"",""
"T10",2007,256,20-AUG-07,,"",,,"",""
"T10",2007,219,20-AUG-07,,"",,,"",""
"T10",2007,56,20-AUG-07,,"",,,"",""
"T10",2007,99,20-AUG-07,,"",,,"",""
"T10",2007,208,21-AUG-07,,"",,,"",""
"T10",2007,148,21-AUG-07,,"",,,"",""
"T10",2007,47,21-AUG-07,,"",,,"",""
"T10",2007,32,21-AUG-07,,"",,,"",""
"T10",2007,28,21-AUG-07,,"",,,"",""
"T10",2007,3,21-AUG-07,,"",,,"",""
"T10",2007,11,21-AUG-07,,"",,,"",""
"T02",2007,443,03-SEP-07,03-SEP-07,"15",15,161,"2",""
"T02",2007,439,03-SEP-07,03-SEP-07,"18",5,84,"1",""
"T02",2007,434,03-SEP-07,03-SEP-07,"15",13,170,"2",""
"T02",2007,442,04-SEP-07,04-SEP-07,"18",7,330,"2",""
"T02",2007,435,04-SEP-07,04-SEP-07,"15",20,280,"2",""
"T02",2007,436,04-SEP-07,04-SEP-07,"15",16,280,"2",""
"T02",2007,437,04-SEP-07,04-SEP-07,"3",25,180,"1",""
"T02",2007,441,04-SEP-07,04-SEP-07,"18",6,170,"2",""
"T02",2007,440,06-SEP-07,06-SEP-07,"2",5,63,"2",""
"T02",2007,438,06-SEP-07,06-SEP-07,"3",14,302,"2",""
"T11",2007,918,10-SEP-07,10-SEP-07,"16",25,336,"3","U4e"
"T09",2007,434,10-SEP-07,,"",,,"",""
"T09",2007,428,10-SEP-07,,"",,,"",""
"T09",2007,424,10-SEP-07,,"",,,"",""
"T09",2007,421,10-SEP-07,,"",,,"",""
"T09",2007,419,10-SEP-07,,"",,,"",""
"T09",2007,418,10-SEP-07,,"",,,"",""
"T09",2007,426,11-SEP-07,,"",,,"",""
"T09",2007,422,11-SEP-07,,"",,,"",""
"T09",2007,425,11-SEP-07,,"",,,"",""
"T09",2007,449,11-SEP-07,,"",,,"",""
"T09",2007,417,11-SEP-07,,"",,,"",""
"T09",2007,414,11-SEP-07,,"",,,"",""
"T09",2007,407,11-SEP-07,,"",,,"",""
"T09",2007,403,11-SEP-07,,"",,,"",""
"T06",2007,15,12-SEP-07,,"",,,"",""
"T06",2007,16,12-SEP-07,,"",,,"",""
"T06",2007,17,12-SEP-07,,"",,,"",""
"T06",2007,18,12-SEP-07,,"",,,"",""
"T02",2007,384,12-SEP-07,12-SEP-07,"2",13,300,"2",""
"T02",2007,396,12-SEP-07,12-SEP-07,"2",16,114,"2",""
"T02",2007,424,12-SEP-07,12-SEP-07,"15",15,293,"1",""
"T02",2007,428,12-SEP-07,12-SEP-07,"2",12,285,"2",""
"T06",2007,7,12-SEP-07,,"",,,"",""
"T06",2007,8,12-SEP-07,,"",,,"",""
"T06",2007,13,12-SEP-07,,"",,,"",""
"T06",2007,14,12-SEP-07,,"",,,"",""
"T11",2007,908,18-SEP-07,18-SEP-07,"15",15,95,"3","H21a"
"T11",2007,907,20-SEP-07,20-SEP-07,"15",15,220,"3","H21a"
"T10",2008,269,06-MAY-08,06-MAY-08,"",,,"",""
"T10",2008,249,06-MAY-08,06-MAY-08,"",,,"",""
"T10",2008,555,09-MAY-08,09-MAY-08,"",,,"",""
"T10",2008,247,09-MAY-08,09-MAY-08,"",,,"",""
"T10",2008,261,09-MAY-08,09-MAY-08,"",,,"",""
"T10",2008,208,09-MAY-08,09-MAY-08,"",,,"",""
"T10",2008,288,14-MAY-08,14-MAY-08,"",,,"",""
"T10",2008,287,14-MAY-08,14-MAY-08,"",,,"",""
"T10",2008,777,14-MAY-08,14-MAY-08,"",,,"",""
"T10",2008,256,14-MAY-08,14-MAY-08,"",,,"",""
"T10",2008,888,14-MAY-08,14-MAY-08,"",,,"",""
"T10",2008,999,14-MAY-08,14-MAY-08,"",,,"",""
"T10",2008,237,15-MAY-08,15-MAY-08,"",,,"",""
"T10",2008,277,15-MAY-08,15-MAY-08,"",,,"",""
"T09",2008,403,02-JUN-08,02-JUN-08,"12",3,315,"2",""
"T09",2008,402,02-JUN-08,,"12",0,0,"2",""
"T09",2008,433,04-JUN-08,04-JUN-08,"12",5,180,"2",""
"T09",2008,434,04-JUN-08,04-JUN-08,"12",0,0,"3",""
"T09",2008,437,04-JUN-08,04-JUN-08,"12",2,225,"2",""
"T09",2008,503,04-JUN-08,04-JUN-08,"11",0,0,"3",""
"T09",2008,429,04-JUN-08,04-JUN-08,"12",6,180,"2",""
"T09",2008,431,04-JUN-08,04-JUN-08,"12",2,135,"2",""
"T09",2008,442,05-JUN-08,05-JUN-08,"11",0,0,"3",""
"T09",2008,438,05-JUN-08,05-JUN-08,"11",0,0,"2",""
"T09",2008,420,06-JUN-08,06-JUN-08,"13",1,315,"2",""
"T09",2008,422,06-JUN-08,06-JUN-08,"12",0,0,"2",""
"T09",2008,445,09-JUN-08,09-JUN-08,"11",0,0,"3",""
"T09",2008,450,09-JUN-08,09-JUN-08,"12",8,511,"2",""
"T09",2008,505,09-JUN-08,09-JUN-08,"11",1,242,"2",""
"T09",2008,504,09-JUN-08,09-JUN-08,"12",2,270,"2",""
"T09",2008,501,10-JUN-08,10-JUN-08,"12",6,135,"2",""
"T09",2008,500,10-JUN-08,10-JUN-08,"12",2,180,"2",""
"T03",2008,331,11-JUN-08,,"",,,"",""
"T03",2008,31,11-JUN-08,,"",,,"",""
"T03",2008,52,11-JUN-08,,"",,,"",""
"T03",2008,203,11-JUN-08,,"",,,"",""
"T09",2008,406,11-JUN-08,11-JUN-08,"12",0,0,"2",""
"T03",2008,237,11-JUN-08,,"",,,"",""
"T03",2008,243,11-JUN-08,,"",,,"",""
"T03",2008,277,11-JUN-08,,"",,,"",""
"T09",2008,407,11-JUN-08,11-JUN-08,"12",8,315,"1",""
"T09",2008,410,11-JUN-08,11-JUN-08,"12",2,2,"2",""
"T09",2008,405,11-JUN-08,11-JUN-08,"12",0,0,"3",""
"T03",2008,204,11-JUN-08,,"",,,"",""
"T09",2008,419,12-JUN-08,12-JUN-05,"11",5,90,"2",""
"T09",2008,421,12-JUN-08,12-JUN-08,"12",0,0,"3",""
"T09",2008,418,12-JUN-08,12-JUN-08,"11",0,0,"2",""
"T09",2008,428,12-JUN-08,12-JUN-08,"12",1,18,"2",""
"T09",2008,412,12-JUN-08,12-JUN-08,"12",0,0,"3",""
"T09",2008,416,13-JUN-08,13-JUN-08,"11",2,315,"2",""
"T09",2008,436,13-JUN-08,13-JUN-08,"12",5,360,"2",""
"T09",2008,424,13-JUN-08,13-JUN-08,"12",0,0,"3",""
"T09",2008,423,13-JUN-08,13-JUN-08,"12",5,180,"2",""
"T09",2008,417,13-JUN-08,13-JUN-08,"11",4,296,"2",""
"T09",2008,411,16-JUN-08,16-JUN-08,"12",0,0,"3",""
"T09",2008,408,16-JUN-08,16-JUN-08,"13",0,0,"2",""
"T09",2008,409,16-JUN-08,16-JUN-08,"12",1,344,"2",""
"T09",2008,413,17-JUN-08,17-JUN-08,"12",5,270,"2",""
"T09",2008,415,17-JUN-08,17-JUN-08,"12",0,0,"3",""
"T09",2008,414,17-JUN-08,17-JUN-08,"12",3,315,"2",""
"T09",2008,426,18-JUN-08,18-JUN-08,"12",4,135,"2",""
"T09",2008,425,18-JUN-08,18-JUN-08,"16",0,0,"3",""
"T09",2008,448,23-JUN-08,23-JUN-08,"11",0,0,"3",""
"T09",2008,447,23-JUN-08,23-JUN-08,"11",3,82,"2",""
"T09",2008,427,23-JUN-08,23-JUN-08,"12",2,186,"2",""
"T09",2008,502,24-JUN-08,24-JUN-08,"12",4,90,"2",""
"T04",2008,507,25-JUN-08,25-JUN-08,"",,,"",""
"T04",2008,206,25-JUN-08,25-JUN-08,"",,,"",""
"T04",2008,226,25-JUN-08,25-JUN-08,"",,,"",""
"T04",2008,509,25-JUN-08,25-JUN-08,"",,,"",""
"T04",2008,184,26-JUN-08,26-JUN-08,"",,,"",""
"T10",2008,666,26-JUN-08,26-JUN-08,"",,,"",""
"T04",2008,164,26-JUN-08,26-JUN-08,"",,,"",""
"T04",2008,801,26-JUN-08,26-JUN-08,"",,,"",""
"T04",2008,800,26-JUN-08,26-JUN-08,"",,,"",""
"T10",2008,3,26-JUN-08,26-JUN-08,"",,,"",""
"T04",2008,2,27-JUN-08,27-JUN-08,"",,,"",""
"T04",2008,13,27-JUN-08,27-JUN-08,"",,,"",""
"T04",2008,21,27-JUN-08,27-JUN-08,"",,,"",""
"T09",2008,446,27-JUN-08,27-JUN-08,"11",1,70,"2",""
"T04",2008,1,27-JUN-08,27-JUN-08,"",,,"",""
"T09",2008,449,27-JUN-08,27-JUN-08,"11",1,71,"2",""
"T04",2008,78,30-JUN-08,30-JUN-08,"",,,"",""
"T04",2008,138,30-JUN-08,30-JUN-08,"",,,"",""
"T04",2008,502,30-JUN-08,30-JUN-08,"",,,"",""
"T04",2008,505,30-JUN-08,30-JUN-08,"",,,"",""
"T04",2008,16,01-JUL-08,01-JUL-08,"",,,"",""
"T04",2008,19,01-JUL-08,01-JUL-08,"",,,"",""
"T04",2008,61,01-JUL-08,01-JUL-08,"",,,"",""
"T04",2008,71,01-JUL-08,01-JUL-08,"",,,"",""
"T04",2008,500,01-JUL-08,01-JUL-08,"",,,"",""
"T04",2008,501,01-JUL-08,01-JUL-08,"",,,"",""
"T04",2008,371,02-JUL-08,02-JUL-08,"",,,"",""
"T07",2008,152,03-JUL-08,03-JUL-08,"16",12,180,"2",""
"T07",2008,151,03-JUL-08,03-JUL-08,"16",11,178,"1",""
"T03",2008,370,03-JUL-08,,"",,,"",""
"T03",2008,351,03-JUL-08,,"",,,"",""
"T03",2008,333,03-JUL-08,,"",,,"",""
"T10",2008,162,03-JUL-08,03-JUL-08,"",,,"",""
"T10",2008,444,03-JUL-08,03-JUL-08,"",,,"",""
"T07",2008,278,04-JUL-08,04-JUL-08,"16",9,324,"2",""
"T07",2008,277,04-JUL-08,04-JUL-08,"16",3,284,"2",""
"T07",2008,308,04-JUL-08,04-JUL-08,"16",10,282,"2",""
"T08",2008,72,04-JUL-08,04-JUL-08,"",,,"",""
"T08",2008,61,04-JUL-08,04-JUL-08,"",,,"",""
"T08",2008,32,04-JUL-08,04-JUL-08,"",,,"",""
"T08",2008,239,04-JUL-08,04-JUL-08,"",,,"",""
"T08",2008,218,04-JUL-08,04-JUL-08,"",,,"",""
"T08",2008,194,04-JUL-08,04-JUL-08,"",,,"",""
"T04",2008,449,06-JUL-08,06-JUL-08,"",,,"",""
"T04",2008,399,06-JUL-08,06-JUL-08,"",,,"",""
"T04",2008,411,06-JUL-08,06-JUL-08,"",,,"",""
"T04",2008,444,06-JUL-08,06-JUL-08,"",,,"",""
"T04",2008,450,06-JUL-08,06-JUL-08,"",,,"",""
"T07",2008,436,07-JUL-08,07-JUL-08,"16",4,0,"2",""
"T07",2008,1,08-JUL-08,08-JUL-08,"15",3,142,"2",""
"T08",2008,104,08-JUL-08,08-JUL-08,"",,,"",""
"T07",2008,2,08-JUL-08,08-JUL-08,"15",7,210,"2",""
"T07",2008,30,08-JUL-08,08-JUL-08,"15",4,255,"2",""
"T07",2008,6,08-JUL-08,08-JUL-08,"15",6,127,"2",""
"T08",2008,327,08-JUL-08,,"",,,"",""
"T07",2008,47,09-JUL-08,09-JUL-08,"16",18,117,"3",""
"T07",2008,59,09-JUL-08,09-JUL-08,"16",22,120,"3",""
"T10",2008,28,10-JUL-08,10-JUL-08,"",,,"",""
"T10",2008,11,10-JUL-08,10-JUL-08,"",,,"",""
"T08",2008,420,11-JUL-08,,"",,,"",""
"T08",2008,173,11-JUL-08,11-JUL-08,"",,,"",""
"T08",2008,421,11-JUL-08,11-JUL-08,"",,,"",""
"T08",2008,168,12-JUL-08,08-JUL-08,"",,,"",""
"T04",2008,454,13-JUL-08,13-JUL-08,"",,,"",""
"T04",2008,372,13-JUL-08,13-JUL-08,"",,,"",""
"T07",2008,320,14-JUL-08,14-JUL-08,"16",18,122,"2",""
"T07",2008,102,14-JUL-08,14-JUL-08,"16",8,260,"2",""
"T07",2008,156,14-JUL-08,14-JUL-08,"16",6,100,"2",""
"T07",2008,272,14-JUL-08,14-JUL-08,"16",15,244,"3",""
"T04",2008,307,15-JUL-08,15-JUL-08,"",,,"",""
"T11",2008,901,15-JUL-08,15-JUL-08,"16",15,200,"3","CG10a"
"T08",2008,423,15-JUL-08,15-JUL-08,"",,,"",""
"T08",2008,422,15-JUL-08,,"",,,"",""
"T04",2008,396,15-JUL-08,15-JUL-08,"",,,"",""
"T04",2008,348,15-JUL-08,15-JUL-08,"",,,"",""
"T04",2008,326,15-JUL-08,15-JUL-08,"",,,"",""
"T05",2008,336,15-JUL-08,,"",,,"",""
"T05",2008,334,15-JUL-08,,"",,,"",""
"T05",2008,332,15-JUL-08,,"",,,"",""
"T05",2008,329,15-JUL-08,,"",,,"",""
"T05",2008,323,15-JUL-08,,"",,,"",""
"T05",2008,318,15-JUL-08,,"",,,"",""
"T07",2008,451,15-JUL-08,15-JUL-08,"16",32,278,"2",""
"T04",2008,419,16-JUL-08,16-JUL-08,"",,,"",""
"T04",2008,404,16-JUL-08,16-JUL-08,"",,,"",""
"T04",2008,402,16-JUL-08,16-JUL-08,"",,,"",""
"T05",2008,256,16-JUL-08,,"",,,"",""
"T04",2008,390,16-JUL-08,16-JUL-08,"",,,"",""
"T04",2008,429,16-JUL-08,16-JUL-08,"",,,"",""
"T08",2008,416,16-JUL-08,16-JUL-08,"",,,"",""
"T05",2008,51,16-JUL-08,,"",,,"",""
"T05",2008,91,16-JUL-08,,"",,,"",""
"T08",2008,401,16-JUL-08,,"",,,"",""
"T05",2008,118,16-JUL-08,,"",,,"",""
"T04",2008,428,16-JUL-08,16-JUL-08,"",,,"",""
"T10",2008,47,17-JUL-08,17-JUL-08,"",,,"",""
"T05",2008,343,17-JUL-08,,"",,,"",""
"T10",2008,99,17-JUL-08,17-JUL-08,"",,,"",""
"T05",2008,344,17-JUL-08,,"",,,"",""
"T10",2008,148,17-JUL-08,17-JUL-08,"",,,"",""
"T10",2008,56,17-JUL-08,17-JUL-08,"",,,"",""
"T11",2008,902,18-JUL-08,18-JUL-08,"16",15,200,"3","CG10a"
"T04",2008,310,21-JUL-08,21-JUL-08,"",,,"",""
"T04",2008,254,21-JUL-08,21-JUL-08,"",,,"",""
"T04",2008,251,21-JUL-08,21-JUL-08,"",,,"",""
"T04",2008,247,21-JUL-08,21-JUL-08,"",,,"",""
"T04",2008,611,21-JUL-08,21-JUL-08,"",,,"",""
"T05",2008,9,21-JUL-08,,"",,,"",""
"T05",2008,26,21-JUL-08,,"",,,"",""
"T05",2008,210,21-JUL-08,,"",,,"",""
"T05",2008,289,21-JUL-08,,"",,,"",""
"T11",2008,913,22-JUL-08,22-JUL-08,"16",10,315,"1","U5a"
"T07",2008,305,23-JUL-08,23-JUL-08,"16",13,150,"2",""
"T10",2008,34,24-JUL-08,24-JUL-08,"",,,"",""
"T10",2008,219,24-JUL-08,24-JUL-08,"",,,"",""
"T10",2008,32,24-JUL-08,24-JUL-08,"",,,"",""
"T10",2008,50,24-JUL-08,24-JUL-08,"",,,"",""
"T10",2008,14,24-JUL-08,24-JUL-08,"",,,"",""
"T11",2008,914,30-JUL-08,30-JUL-08,"16",10,315,"1","U5a"
"T11",2008,915,08-AUG-08,08-AUG-08,"18",5,95,"1","M6"
"T11",2008,916,08-AUG-08,08-AUG-08,"18",5,116,"2","M6"
"T11",2008,909,12-AUG-08,12-AUG-08,"15",2,180,"1","M15b"
"T11",2008,910,12-AUG-08,12-AUG-08,"15",2,175,"2","M15b"
"T11",2008,905,14-AUG-08,14-AUG-08,"15",40,35,"2","H18a"
"T11",2008,906,14-AUG-08,14-AUG-08,"15",40,2,"2","H18a"
"T08",2008,370,20-AUG-08,20-AUG-08,"",,,"",""
"T11",2008,907,23-AUG-08,23-AUG-08,"15",15,220,"3","H21a"
"T11",2008,908,23-AUG-08,23-AUG-08,"15",15,95,"3","H21a"
"T11",2008,917,26-AUG-08,26-AUG-08,"16",35,18,"2","U4e"
"T11",2008,918,26-AUG-08,26-AUG-08,"16",25,336,"3","U4e"
"T03",2008,75,04-SEP-08,,"",,,"",""
"T12",2008,74,04-SEP-08,04-SEP-08,"15",,,"",""
"T03",2008,74,04-SEP-08,,"",,,"",""
"T03",2008,281,04-SEP-08,,"",,,"",""
"T03",2008,271,04-SEP-08,,"",,,"",""
"T03",2008,239,04-SEP-08,,"",,,"",""
"T03",2008,57,04-SEP-08,,"",,,"",""
"T12",2008,41,04-SEP-08,04-SEP-08,"15",,,"",""
"T12",2008,245,05-SEP-08,05-SEP-08,"15",,,"",""
"T02",2008,439,05-SEP-08,05-SEP-08,"18",5,84,"1",""
"T12",2008,269,05-SEP-08,05-SEP-08,"19",,,"",""
"T02",2008,443,05-SEP-08,05-SEP-08,"15",15,161,"2",""
"T12",2008,92,05-SEP-08,05-SEP-08,"15",,,"",""
"T12",2008,321,05-SEP-08,05-SEP-08,"19",,,"",""
"T12",2008,331,05-SEP-08,05-SEP-08,"19",,,"",""
"T02",2008,441,05-SEP-08,05-SEP-08,"18",6,170,"2",""
"T02",2008,434,05-SEP-08,05-SEP-08,"15",13,170,"2",""
"T12",2008,335,06-SEP-08,06-SEP-08,"19",,,"",""
"T12",2008,349,06-SEP-08,06-SEP-08,"19",,,"",""
"T12",2008,134,06-SEP-08,06-SEP-08,"15",,,"",""
"T12",2008,149,06-SEP-08,06-SEP-08,"15",,,"",""
"T12",2008,2,06-SEP-08,06-SEP-08,"12",,,"",""
"T12",2008,7,07-SEP-08,07-SEP-08,"12",,,"",""
"T11",2008,912,10-SEP-08,10-SEP-08,"18",0,,"2","M17a"
"T11",2008,911,10-SEP-08,10-SEP-08,"18",0,,"2","M17a"
"T11",2008,903,12-SEP-08,12-SEP-08,"15",5,260,"2","H15"
"T11",2008,904,12-SEP-08,12-SEP-08,"15",25,255,"2","H15"
"T02",2008,437,15-SEP-08,15-SEP-08,"3",25,180,"1",""
"T02",2008,436,15-SEP-08,15-SEP-08,"15",16,280,"2",""
"T02",2008,435,15-SEP-08,15-SEP-08,"15",20,280,"2",""
"T02",2008,442,15-SEP-08,15-SEP-08,"18",7,330,"2",""
"T02",2008,440,15-SEP-08,15-SEP-08,"2",5,63,"2",""
"T02",2008,428,22-SEP-08,22-SEP-08,"2",12,285,"2",""
"T02",2008,396,22-SEP-08,22-SEP-08,"2",16,114,"2",""
"T02",2008,384,22-SEP-08,22-SEP-08,"2",13,300,"2",""
"T02",2008,438,22-SEP-08,22-SEP-08,"3",14,302,"2",""
"T03",2008,311,24-SEP-08,,"",,,"",""
"T03",2008,294,24-SEP-08,,"",,,"",""
"T03",2008,198,24-SEP-08,,"",,,"",""
"T03",2008,179,24-SEP-08,,"",,,"",""
"T04",2009,800,15-JUN-09,15-JUN-09,"",,,"",""
"T04",2009,509,15-JUN-09,15-JUN-09,"",,,"",""
"T04",2009,507,15-JUN-09,15-JUN-09,"",,,"",""
"T04",2009,206,15-JUN-09,15-JUN-09,"",,,"",""
"T04",2009,226,15-JUN-09,15-JUN-09,"",,,"",""
"T04",2009,371,16-JUN-09,16-JUN-09,"",,,"",""
"T04",2009,411,16-JUN-09,16-JUN-09,"",,,"",""
"T04",2009,444,16-JUN-09,16-JUN-09,"",,,"",""
"T04",2009,449,16-JUN-09,16-JUN-09,"",,,"",""
"T04",2009,450,16-JUN-09,16-JUN-09,"",,,"",""
"T04",2009,500,18-JUN-09,18-JUN-09,"",,,"",""
"T04",2009,19,18-JUN-09,18-JUN-09,"",,,"",""
"T04",2009,71,18-JUN-09,18-JUN-09,"",,,"",""
"T04",2009,78,18-JUN-09,18-JUN-09,"",,,"",""
"T04",2009,502,18-JUN-09,18-JUN-09,"",,,"",""
"T04",2009,1,19-JUN-09,19-JUN-09,"",,,"",""
"T04",2009,501,19-JUN-09,19-JUN-09,"",,,"",""
"T04",2009,61,19-JUN-09,19-JUN-09,"",,,"",""
"T04",2009,13,19-JUN-09,19-JUN-09,"",,,"",""
"T08",2009,422,30-JUN-09,30-JUN-09,"",,,"",""
"T08",2009,423,30-JUN-09,30-JUN-09,"",,,"",""
"T03",2009,31,01-JUL-09,,"",,,"",""
"T03",2009,52,01-JUL-09,,"",,,"",""
"T03",2009,277,01-JUL-09,,"",,,"",""
"T03",2009,237,01-JUL-09,,"",,,"",""
"T03",2009,204,01-JUL-09,,"",,,"",""
"T03",2009,203,01-JUL-09,,"",,,"",""
"T08",2009,401,03-JUL-09,03-JUL-09,"",,,"",""
"T08",2009,239,08-JUL-09,08-JUL-09,"",,,"",""
"T08",2009,194,08-JUL-09,08-JUL-09,"",,,"",""
"T03",2009,370,08-JUL-09,,"",,,"",""
"T08",2009,61,08-JUL-09,08-JUL-09,"",,,"",""
"T03",2009,333,08-JUL-09,,"",,,"",""
"T03",2009,331,08-JUL-09,,"",,,"",""
"T07",2009,277,09-JUL-09,09-JUL-09,"16",3,284,"2",""
"T07",2009,278,09-JUL-09,09-JUL-09,"16",9,324,"2",""
"T07",2009,308,09-JUL-09,09-JUL-09,"16",10,282,"2",""
"T07",2009,59,10-JUL-09,10-JUL-09,"",,,"",""
"T07",2009,436,10-JUL-09,10-JUL-09,"16",4,0,"2",""
"T07",2009,47,10-JUL-09,10-JUL-09,"16",18,117,"3",""
"T08",2009,32,13-JUL-09,13-JUL-09,"",,,"",""
"T07",2009,151,13-JUL-09,13-JUL-09,"16",11,178,"1",""
"T07",2009,6,13-JUL-09,13-JUL-09,"15",6,127,"2",""
"T07",2009,1,13-JUL-09,13-JUL-09,"15",3,142,"2",""
"T08",2009,173,13-JUL-09,13-JUL-09,"",,,"",""
"T05",2009,343,13-JUL-09,13-JUL-09,"",,,"",""
"T08",2009,168,13-JUL-09,13-JUL-09,"",,,"",""
"T07",2009,30,13-JUL-09,13-JUL-09,"15",4,255,"2",""
"T08",2009,72,13-JUL-09,13-JUL-09,"",,,"",""
"T05",2009,344,14-JUL-09,14-JUL-09,"",,,"",""
"T07",2009,451,15-JUL-09,15-JUL-09,"16",32,278,"2",""
"T05",2009,118,15-JUL-09,15-JUL-09,"",,,"",""
"T05",2009,51,15-JUL-09,15-JUL-09,"",,,"",""
"T05",2009,256,15-JUL-09,,"",,,"",""
"T08",2009,416,15-JUL-09,15-JUL-09,"",,,"",""
"T05",2009,329,16-JUL-09,16-JUL-09,"",,,"",""
"T05",2009,323,16-JUL-09,16-JUL-09,"",,,"",""
"T05",2009,336,16-JUL-09,16-JUL-09,"",,,"",""
"T05",2009,318,16-JUL-09,16-JUL-09,"",,,"",""
"T05",2009,332,16-JUL-09,16-JUL-09,"",,,"",""
"T05",2009,334,23-JUL-09,16-JUL-09,"",,,"",""
"T08",2009,327,28-JUL-09,28-JUL-09,"",,,"",""
"T08",2009,420,28-JUL-09,28-JUL-09,"",,,"",""
"T08",2009,421,28-JUL-09,28-JUL-09,"",,,"",""
"T04",2009,251,30-JUL-09,30-JUL-09,"",,,"",""
"T04",2009,247,30-JUL-09,30-JUL-09,"",,,"",""
"T04",2009,611,30-JUL-09,30-JUL-09,"",,,"",""
"T04",2009,254,30-JUL-09,30-JUL-09,"",,,"",""
"T05",2006,21,23-AUG-09,23-AUG-06,"",,,"",""
"T02",2009,434,28-AUG-09,28-AUG-09,"15",13,170,"2",""
"T02",2009,439,28-AUG-09,28-AUG-09,"18",5,84,"1",""
"T02",2009,443,28-AUG-09,28-AUG-09,"15",15,161,"2",""
"T02",2009,441,28-AUG-09,28-AUG-09,"18",6,170,"2",""
"T02",2009,440,07-SEP-09,07-SEP-09,"2",5,63,"2",""
"T02",2009,442,07-SEP-09,07-SEP-09,"18",7,330,"2",""
"T02",2009,437,07-SEP-09,07-SEP-09,"3",25,180,"1",""
"T02",2009,436,07-SEP-09,07-SEP-09,"15",16,280,"2",""
"T02",2009,435,07-SEP-09,07-SEP-09,"15",20,280,"2",""
"T02",2009,438,09-SEP-09,09-SEP-09,"3",14,302,"2",""
"T02",2009,428,09-SEP-09,09-SEP-09,"2",12,285,"2",""
"T02",2009,424,09-SEP-09,09-SEP-09,"15",15,293,"1",""
"T02",2009,396,09-SEP-09,09-SEP-09,"2",16,114,"2",""
"T02",2009,384,09-SEP-09,09-SEP-09,"2",13,300,"2",""
"T11",2009,913,10-SEP-09,10-SEP-09,"16",10,315,"1","U5a"
"T11",2009,914,14-SEP-09,14-SEP-09,"16",10,315,"1","U5a"
"T03",2009,281,16-SEP-09,,"",,,"",""
"T03",2009,294,16-SEP-09,,"",,,"",""
"T03",2009,243,16-SEP-09,,"",,,"",""
"T11",2009,901,18-SEP-09,18-SEP-09,"16",15,200,"3","CG10a"
"T11",2009,902,18-SEP-09,18-SEP-09,"16",15,200,"3","CG10a"
"T11",2009,916,18-SEP-09,18-SEP-09,"18",5,116,"2","M6"
"T04",2010,500,20-JUN-10,20-JUN-10,"",,,"",""
"T08",2010,422,21-JUN-10,21-JUN-10,"",,,"",""
"T08",2010,72,22-JUN-10,22-JUN-10,"",,,"",""
"T08",2010,327,22-JUN-10,22-JUN-10,"",,,"",""
"T08",2010,32,22-JUN-10,22-JUN-10,"",,,"",""
"T08",2010,239,23-JUN-10,23-JUN-10,"",,,"",""
"T08",2010,61,25-JUN-10,25-JUN-10,"",,,"",""
"T08",2010,416,25-JUN-10,25-JUN-10,"",,,"",""
"T08",2010,168,25-JUN-10,25-JUN-10,"",,,"",""
"T08",2010,194,29-JUN-10,29-JUN-10,"",,,"",""
"T08",2010,173,29-JUN-10,29-JUN-10,"",,,"",""
"T04",2010,800,29-JUN-10,,"",,,"",""
"T04",2010,507,29-JUN-10,,"",,,"",""
"T04",2010,509,29-JUN-10,,"",,,"",""
"T04",2010,226,29-JUN-10,29-JUN-10,"",,,"",""
"T04",2010,206,29-JUN-10,29-JUN-10,"",,,"",""
"T04",2010,502,30-JUN-10,30-JUN-10,"",,,"",""
"T04",2010,78,30-JUN-10,30-JUN-10,"",,,"",""
"T04",2010,19,30-JUN-10,,"",,,"",""
"T04",2010,71,01-JUL-10,,"",,,"",""
"T04",2010,501,01-JUL-10,,"",,,"",""
"T04",2010,21,01-JUL-10,,"",,,"",""
"T04",2010,13,01-JUL-10,01-JUL-10,"",,,"",""
"T04",2010,1,01-JUL-10,01-JUL-10,"",,,"",""
"T04",2010,61,01-JUL-10,,"",,,"",""
"T04",2010,371,02-JUL-10,,"",,,"",""
"T04",2010,450,02-JUL-10,,"",,,"",""
"T04",2010,449,02-JUL-10,,"",,,"",""
"T04",2010,444,02-JUL-10,,"",,,"",""
"T04",2010,411,02-JUL-10,02-JUL-10,"",,,"",""
"T07",2010,6,13-JUL-10,13-JUL-10,"15",6,127,"2",""
"T07",2010,30,13-JUL-10,13-JUL-10,"15",4,255,"2",""
"T07",2010,151,13-JUL-10,13-JUL-10,"16",11,178,"1",""
"T08",2010,423,13-JUL-10,13-JUL-10,"",,,"",""
"T07",2010,1,13-JUL-10,13-JUL-10,"15",3,142,"2",""
"T08",2010,401,14-JUL-10,14-JUL-10,"",,,"",""
"T05",2010,323,15-JUL-10,,"",,,"",""
"T05",2010,332,15-JUL-10,,"",,,"",""
"T05",2010,334,15-JUL-10,,"",,,"",""
"T05",2010,336,15-JUL-10,,"",,,"",""
"T05",2010,318,15-JUL-10,,"",,,"",""
"T05",2010,329,15-JUL-10,,"",,,"",""
"T05",2010,343,16-JUL-10,,"",,,"",""
"T05",2010,344,16-JUL-10,,"",,,"",""
"T07",2010,278,19-JUL-10,19-JUL-10,"16",9,324,"2",""
"T07",2010,277,19-JUL-10,19-JUL-10,"16",3,284,"2",""
"T07",2010,308,19-JUL-10,19-JUL-10,"16",10,282,"2",""
"T07",2010,47,20-JUL-10,20-JUL-10,"16",18,117,"3",""
"T07",2010,59,20-JUL-10,20-JUL-10,"16",22,120,"3",""
"T07",2010,436,20-JUL-10,20-JUL-10,"16",4,0,"2",""
"T03",2010,243,21-JUL-10,,"",,,"",""
"T03",2010,281,21-JUL-10,,"",,,"",""
"T03",2010,31,21-JUL-10,,"",,,"",""
"T03",2010,203,21-JUL-10,,"",,,"",""
"T03",2010,331,21-JUL-10,,"",,,"",""
"T03",2010,277,21-JUL-10,,"",,,"",""
"T03",2010,237,21-JUL-10,,"",,,"",""
"T07",2010,451,21-JUL-10,21-JUL-10,"16",32,278,"2",""
"T03",2010,204,21-JUL-10,,"",,,"",""
"T04",2010,611,23-JUL-10,23-JUL-10,"",,,"",""
"T11",2010,913,23-JUL-10,23-JUL-10,"16",10,315,"1","U5a"
"T11",2010,914,23-JUL-10,23-JUL-10,"16",10,315,"1","U5a"
"T04",2010,254,23-JUL-10,23-JUL-10,"",,,"",""
"T04",2010,251,23-JUL-10,23-JUL-10,"",,,"",""
"T04",2010,247,23-JUL-10,23-JUL-10,"",,,"",""
"T03",2011,204,26-JUL-10,,"",,,"",""
"T03",2011,370,26-JUL-10,,"",,,"",""
"T03",2011,333,26-JUL-10,,"",,,"",""
"T03",2011,331,26-JUL-10,,"",,,"",""
"T03",2011,281,26-JUL-10,,"",,,"",""
"T03",2011,277,26-JUL-10,,"",,,"",""
"T03",2011,243,26-JUL-10,,"",,,"",""
"T03",2011,237,26-JUL-10,,"",,,"",""
"T03",2011,203,26-JUL-10,,"",,,"",""
"T03",2011,52,26-JUL-10,,"",,,"",""
"T03",2011,31,26-JUL-10,,"",,,"",""
"T05",2010,256,27-JUL-10,,"",,,"",""
"T05",2010,118,27-JUL-10,,"",,,"",""
"T05",2010,51,27-JUL-10,,"",,,"",""
"T11",2010,901,29-JUL-10,29-JUL-10,"16",15,200,"3","CG10a"
"T11",2010,902,02-AUG-10,02-AUG-10,"16",15,200,"3","CG10a"
"T11",2010,916,02-AUG-10,02-AUG-10,"18",5,116,"2","M6"
"T08",2010,421,03-AUG-10,03-AUG-10,"",,,"",""
"T08",2010,420,03-AUG-10,03-AUG-10,"",,,"",""
"T02",2010,443,30-AUG-10,30-AUG-10,"15",15,161,"2",""
"T02",2010,439,30-AUG-10,30-AUG-10,"18",5,84,"1",""
"T02",2010,435,10-SEP-10,10-SEP-10,"15",20,280,"2",""
"T02",2010,436,10-SEP-10,10-SEP-10,"15",16,280,"2",""
"T02",2010,437,10-SEP-10,10-SEP-10,"3",25,180,"1",""
"T02",2010,442,10-SEP-10,10-SEP-10,"18",7,330,"2",""
"T02",2010,440,10-SEP-10,10-SEP-10,"2",5,63,"2",""
"T03",2010,370,21-SEP-10,,"",,,"",""
"T03",2010,52,21-SEP-10,,"",,,"",""
"T03",2010,294,21-SEP-10,,"",,,"",""
"T03",2010,333,21-SEP-10,,"",,,"",""
"T02",2008,424,22-SEP-10,22-SEP-08,"15",15,293,"1",""
"T02",2010,428,24-SEP-10,24-SEP-10,"2",12,285,"2",""
"T02",2010,424,24-SEP-10,24-SEP-10,"15",15,293,"1",""
"T02",2010,396,24-SEP-10,24-SEP-10,"2",16,114,"2",""
"T02",2010,438,24-SEP-10,24-SEP-10,"3",14,302,"2",""
"T02",2010,384,24-SEP-10,24-SEP-10,"2",13,300,"2",""
"T02",2010,434,30-SEP-10,30-AUG-10,"15",13,170,"2",""
"T10",2011,32,05-MAY-11,05-MAY-11,"",,,"",""
"T10",2011,14,05-MAY-11,05-MAY-01,"",,,"",""
"T10",2011,28,05-MAY-11,05-MAY-11,"",,,"",""
"T04",2011,449,07-MAY-11,,"",,,"",""
"T10",2011,277,10-MAY-11,10-MAY-11,"",,,"",""
"T10",2011,777,10-MAY-11,10-MAY-11,"",,,"",""
"T10",2011,256,10-MAY-11,10-MAY-11,"",,,"",""
"T10",2011,888,10-MAY-11,10-MAY-11,"",,,"",""
"T10",2011,47,10-MAY-11,10-MAY-11,"",,,"",""
"T10",2011,999,11-MAY-11,11-MAY-11,"",,,"",""
"T10",2011,555,11-MAY-11,11-MAY-11,"",,,"",""
"T10",2011,288,11-MAY-11,11-MAY-11,"",,,"",""
"T10",2011,287,11-MAY-11,11-MAY-11,"",,,"",""
"T10",2011,247,12-MAY-11,12-MAY-11,"",,,"",""
"T10",2011,249,12-MAY-11,12-MAY-11,"",,,"",""
"T10",2011,269,12-MAY-11,12-MAY-11,"",,,"",""
"T10",2011,11,18-MAY-11,18-MAY-11,"",,,"",""
"T10",2011,50,18-MAY-11,18-MAY-11,"",,,"",""
"T10",2011,148,18-MAY-11,18-MAY-11,"",,,"",""
"T10",2011,34,18-MAY-11,18-MAY-11,"",,,"",""
"T10",2011,261,19-MAY-11,19-MAY-11,"",,,"",""
"T10",2011,3,31-MAY-11,31-MAY-11,"",,,"",""
"T10",2011,666,31-MAY-11,31-MAY-11,"",,,"",""
"T10",2011,162,31-MAY-11,31-MAY-11,"",,,"",""
"T10",2011,99,31-MAY-11,31-MAY-11,"",,,"",""
"T10",2011,444,31-MAY-11,31-MAY-11,"",,,"",""
"T10",2011,56,31-MAY-11,31-MAY-11,"",,,"",""
"T10",2011,208,01-JUN-11,01-JUN-11,"",,,"",""
"T10",2011,219,01-JUN-11,01-JUN-11,"",,,"",""
"T10",2011,237,01-JUN-11,01-JUN-11,"",,,"",""
"T04",2011,138,07-JUN-11,,"",,,"",""
"T12",2011,41,07-JUN-11,07-JUN-11,"",,,"",""
"T12",2011,245,07-JUN-11,07-JUN-11,"",,,"",""
"T12",2011,269,07-JUN-11,07-JUN-11,"",,,"",""
"T04",2011,800,07-JUN-11,,"",,,"",""
"T04",2011,206,09-JUN-11,,"",,,"",""
"T04",2011,226,09-JUN-11,,"",,,"",""
"T04",2011,507,09-JUN-11,,"",,,"",""
"T09",2011,431,13-JUN-11,13-JUN-11,"12",2,135,"2",""
"T09",2011,428,13-JUN-11,13-JUN-11,"12",0,0,"3",""
"T09",2011,424,13-JUN-11,13-JUN-11,"12",0,0,"3",""
"T09",2011,421,13-JUN-11,13-JUN-11,"12",0,0,"3",""
"T04",2011,13,14-JUN-11,,"",,,"",""
"T04",2011,1,14-JUN-11,,"",,,"",""
"T04",2011,2,14-JUN-11,,"",,,"",""
"T09",2011,425,15-JUN-11,15-JUN-11,"16",0,0,"4",""
"T04",2011,509,15-JUN-11,,"",,,"",""
"T04",2011,71,16-JUN-11,,"",,,"",""
"T09",2011,405,16-JUN-11,16-JUN-11,"12",0,0,"3",""
"T09",2011,427,16-JUN-11,16-JUN-11,"12",2,186,"2",""
"T09",2011,429,16-JUN-11,16-JUN-11,"12",6,180,"2",""
"T09",2011,422,20-JUN-11,20-JUN-11,"12",0,0,"2",""
"T09",2011,417,20-JUN-11,20-JUN-11,"11",4,296,"2",""
"T09",2011,505,20-JUN-11,20-JUN-11,"11",1,242,"2",""
"T04",2011,501,20-JUN-11,,"",,,"",""
"T09",2011,437,21-JUN-11,21-JUN-11,"12",2,225,"2",""
"T09",2011,433,21-JUN-11,21-JUN-11,"12",5,180,"2",""
"T04",2011,19,21-JUN-11,,"",,,"",""
"T04",2011,21,21-JUN-11,,"",,,"",""
"T09",2011,445,22-JUN-11,22-JUN-11,"11",0,0,"3",""
"T09",2011,445,23-JUN-11,23-JUN-11,"11",0,0,"3",""
"T09",2011,450,23-JUN-11,23-JUN-11,"12",8,311,"2",""
"T09",2011,500,23-JUN-11,23-JUN-11,"12",2,180,"2",""
"T09",2011,439,23-JUN-11,23-JUN-11,"12",3,90,"2",""
"T09",2011,436,23-JUN-11,23-JUN-11,"12",5,360,"2",""
"T09",2011,435,23-JUN-11,23-JUN-11,"11",6,0,"2",""
"T09",2011,434,23-JUN-11,23-JUN-11,"12",0,0,"3",""
"T09",2011,426,23-JUN-11,23-JUN-11,"12",4,135,"2",""
"T04",2011,164,23-JUN-11,,"",,,"",""
"T09",2011,502,23-JUN-11,23-JUN-11,"12",4,90,"2",""
"T04",2011,78,24-JUN-11,,"",,,"",""
"T04",2011,505,24-JUN-11,,"",,,"",""
"T05",2011,118,04-JUL-11,04-JUL-11,"2",,,"",""
"T05",2011,26,04-JUL-11,04-JUL-11,"2",,,"",""
"T07",2011,308,04-JUL-11,04-JUL-11,"16",10,282,"2","MG10A"
"T07",2011,6,05-JUL-11,05-JUL-11,"15",6,127,"2","M20A"
"T07",2011,30,05-JUL-11,05-JUL-11,"15",4,255,"2","H12A"
"T05",2011,51,05-JUL-11,05-JUL-11,"2",,,"",""
"T05",2011,256,05-JUL-11,05-JUL-11,"2",,,"2",""
"T05",2011,329,05-JUL-11,05-JUL-11,"11",,,"2",""
"T05",2011,336,05-JUL-11,05-JUL-11,"11",,,"9",""
"T04",2011,444,05-JUL-11,,"",,,"",""
"T04",2011,450,05-JUL-11,,"",,,"",""
"T04",2011,184,05-JUL-11,,"",,,"",""
"T07",2011,47,06-JUL-11,06-JUL-11,"16",18,117,"3","U20A"
"T05",2011,334,06-JUL-11,06-JUL-11,"11",,,"2",""
"T05",2011,332,06-JUL-11,06-JUL-11,"11",,,"2",""
"T07",2011,59,06-JUL-11,06-JUL-11,"16",22,120,"3","U4B"
"T07",2011,151,07-JUL-11,07-JUL-11,"16",11,178,"1","U5A"
"T07",2011,152,07-JUL-11,07-JUL-11,"16",12,180,"2","U5A"
"T05",2011,91,07-JUL-11,07-JUL-11,"2",,,"",""
"T05",2011,210,07-JUL-11,07-JUL-11,"2",,,"2",""
"T04",2011,371,07-JUL-11,,"",,,"",""
"T05",2011,323,07-JUL-11,07-JUL-11,"11",,,"2",""
"T04",2011,399,07-JUL-11,,"",,,"",""
"T04",2011,411,07-JUL-11,,"",,,"",""
"T05",2011,289,07-JUL-11,07-JUL-11,"2",,,"",""
"T07",2011,277,08-JUL-11,08-JUL-11,"16",3,284,"2","MG9A"
"T07",2011,278,08-JUL-11,08-JUL-11,"16",9,324,"2","M23A"
"T05",2011,318,08-JUL-11,08-JUL-11,"11",,,"2",""
"T04",2011,801,08-JUL-11,,"",,,"",""
"T05",2011,344,08-JUL-11,08-JUL-11,"16",,,"2",""
"T04",2011,454,08-JUL-11,,"",,,"",""
"T05",2011,343,08-JUL-11,08-JUL-11,"16",,,"2",""
"T08",2011,420,11-JUL-11,11-JUL-11,"",,,"",""
"T05",2011,9,11-JUL-11,04-JUL-11,"2",,,"",""
"T08",2011,421,11-JUL-11,11-JUL-11,"",,,"",""
"T08",2011,327,12-JUL-11,12-JUL-11,"",,,"",""
"T04",2011,16,12-JUL-11,,"",,,"",""
"T08",2011,370,12-JUL-11,12-JUL-11,"",,,"",""
"T07",2011,305,13-JUL-11,13-JUL-11,"16",13,150,"2","MG10A"
"T09",2011,504,13-JUL-11,13-JUL-11,"12",2,270,"2",""
"T09",2011,446,13-JUL-11,13-JUL-11,"11",1,70,"2",""
"T09",2011,501,13-JUL-11,13-JUL-11,"12",6,135,"2",""
"T09",2011,448,13-JUL-11,13-JUL-11,"11",0,0,"3",""
"T09",2011,449,13-JUL-11,13-JUL-11,"11",1,71,"2",""
"T09",2011,447,13-JUL-11,13-JUL-11,"11",3,82,"2",""
"T04",2011,500,14-JUL-11,,"",,,"",""
"T04",2011,502,14-JUL-11,,"",,,"",""
"T09",2011,503,14-JUL-11,14-JUL-11,"11",0,0,"3",""
"T09",2011,406,14-JUL-11,14-JUL-11,"12",0,0,"2",""
"T09",2011,412,14-JUL-11,14-JUL-11,"12",0,0,"3",""
"T08",2011,173,14-JUL-11,14-JUL-11,"",,,"",""
"T09",2011,419,14-JUL-11,14-JUL-11,"11",5,90,"2",""
"T09",2011,423,14-JUL-11,14-JUL-11,"12",5,180,"2",""
"T09",2011,438,14-JUL-11,14-JUL-11,"11",,,"2",""
"T09",2011,442,14-JUL-11,14-JUL-11,"11",0,0,"3",""
"T08",2011,61,14-JUL-11,14-JUL-11,"",,,"",""
"T09",2011,418,14-JUL-11,14-JUL-11,"11",0,0,"2",""
"T08",2011,401,15-JUL-11,15-JUL-11,"",,,"",""
"T04",2011,61,15-JUL-11,,"",,,"",""
"T08",2011,423,15-JUL-11,15-JUL-11,"",,,"",""
"T08",2011,104,18-JUL-11,18-JUL-11,"",,,"",""
"T08",2011,72,18-JUL-11,18-JUL-11,"",,,"",""
"T07",2011,102,19-JUL-11,19-JUL-11,"16",8,260,"2","M23A"
"T09",2011,413,19-JUL-11,19-JUL-11,"12",5,270,"2",""
"T08",2011,168,19-JUL-11,19-JUL-11,"",,,"",""
"T09",2011,416,19-JUL-11,19-JUL-11,"11",2,315,"2",""
"T09",2011,420,19-JUL-11,19-JUL-11,"12",1,315,"2",""
"T09",2011,414,19-JUL-11,19-JUL-11,"12",3,315,"2",""
"T08",2011,239,20-JUL-11,20-JUL-11,"",,,"",""
"T07",2011,156,20-JUL-11,20-JUL-11,"16",6,100,"2","U4E"
"T09",2011,506,20-JUL-11,20-JUL-11,"12",7,0,"2",""
"T09",2011,507,20-JUL-11,20-JUL-11,"12",0,0,"2",""
"T09",2011,402,20-JUL-11,20-JUL-11,"12",0,0,"2",""
"T09",2011,403,20-JUL-11,20-JUL-11,"12",3,315,"2",""
"T08",2011,218,20-JUL-11,20-JUL-11,"",,,"",""
"T09",2011,409,20-JUL-11,20-JUL-11,"12",2,344,"2",""
"T09",2011,410,20-JUL-11,20-JUL-11,"12",2,225,"2",""
"T09",2011,411,20-JUL-11,20-JUL-11,"12",0,0,"3",""
"T09",2011,415,20-JUL-11,20-JUL-11,"12",0,0,"3",""
"T08",2011,32,20-JUL-11,20-JUL-11,"",,,"",""
"T08",2011,194,20-JUL-11,20-JUL-11,"",,,"",""
"T09",2011,407,20-JUL-11,20-JUL-11,"13",8,315,"1",""
"T08",2011,416,21-JUL-11,21-JUL-11,"",,,"",""
"T04",2011,348,21-JUL-11,,"",,,"",""
"T07",2011,272,21-JUL-11,21-JUL-11,"16",15,244,"3","MG9A"
"T08",2011,422,21-JUL-11,21-JUL-11,"",,,"",""
"T07",2011,2,25-JUL-11,25-JUL-11,"15",7,210,"2","H12A"
"T12",2011,2,25-JUL-11,25-JUL-11,"",,,"",""
"T12",2011,335,25-JUL-11,25-JUL-11,"",,,"",""
"T04",2011,396,25-JUL-11,,"",,,"",""
"T04",2011,310,26-JUL-11,,"",,,"",""
"T12",2011,331,26-JUL-11,26-JUL-11,"",,,"",""
"T12",2011,349,26-JUL-11,26-JUL-11,"",,,"",""
"T11",2011,901,26-JUL-11,26-JUL-11,"16",15,200,"3","CG10a"
"T11",2011,902,26-JUL-11,26-JUL-11,"16",15,200,"3","CG10a"
"T12",2011,134,26-JUL-11,26-JUL-11,"",,,"",""
"T12",2011,149,26-JUL-11,26-JUL-11,"",,,"",""
"T12",2011,280,26-JUL-11,26-JUL-11,"",,,"",""
"T12",2011,321,26-JUL-11,26-JUL-11,"",,,"",""
"T04",2011,404,27-JUL-11,,"",,,"",""
"T12",2011,7,27-JUL-11,27-JUL-11,"",,,"",""
"T04",2011,390,27-JUL-11,,"",,,"",""
"T12",2011,92,27-JUL-11,27-JUL-11,"",,,"",""
"T04",2011,402,27-JUL-11,,"",,,"",""
"T12",2011,74,27-JUL-11,27-JUL-11,"",,,"",""
"T04",2011,419,28-JUL-11,,"",,,"",""
"T04",2011,428,28-JUL-11,,"",,,"",""
"T04",2011,429,28-JUL-11,,"",,,"",""
"T04",2011,247,29-JUL-11,,"",,,"",""
"T04",2011,254,29-JUL-11,,"",,,"",""
"T04",2011,251,29-JUL-11,,"",,,"",""
"T04",2011,611,29-JUL-11,,"",,,"",""
"T11",2011,913,01-AUG-11,01-AUG-11,"16",10,315,"1","U5a"
"T07",2011,320,01-AUG-11,01-AUG-11,"16",18,122,"2","U20A"
"T04",2011,307,02-AUG-11,,"",,,"",""
"T11",2011,916,02-AUG-11,02-AUG-11,"18",5,116,"2","M6"
"T04",2011,326,02-AUG-11,,"",,,"",""
"T11",2011,914,02-AUG-11,02-AUG-11,"16",10,315,"1","U5a"
"T07",2011,436,04-AUG-11,04-AUG-11,"16",4,0,"2","U4D"
"T07",2011,451,04-AUG-11,04-AUG-11,"16",32,278,"2","U4A"
"T07",2011,1,05-AUG-11,05-JUL-11,"15",3,142,"2","M20A"
"T11",2011,912,05-AUG-11,05-AUG-11,"18",0,,"2","M17a"
"T04",2011,372,09-AUG-11,,"",,,"",""
"T11",2011,906,09-AUG-11,09-AUG-11,"15",40,2,"2","H18a"
"T11",2011,905,09-AUG-11,09-AUG-11,"15",40,35,"2","H18a"
"T11",2011,910,15-AUG-11,15-AUG-11,"15",2,175,"2","M15b"
"T11",2011,909,15-AUG-11,15-AUG-11,"15",2,180,"1","M15b"
"T11",2011,908,18-AUG-11,18-AUG-11,"15",15,95,"3","H21a"
"T11",2011,907,18-AUG-11,18-AUG-11,"15",15,220,"3","H21a"
"T11",2011,918,19-AUG-11,19-AUG-11,"16",25,,"3","U4e"
"T11",2011,917,19-AUG-11,19-AUG-11,"16",35,18,"2","U4e"
"T11",2011,904,22-AUG-11,22-AUG-11,"15",25,255,"2","H15"
"T11",2011,903,22-AUG-11,22-AUG-11,"15",5,260,"2","H15"
"T11",2011,915,25-AUG-11,25-AUG-11,"18",5,95,"1","M6"
"T02",2011,443,29-AUG-11,29-AUG-11,"15",15,161,"2",""
"T02",2011,434,29-AUG-11,29-AUG-11,"15",13,170,"2",""
"T02",2011,439,29-AUG-11,29-AUG-11,"18",5,84,"1",""
"T02",2011,440,29-AUG-11,29-AUG-11,"2",5,63,"2",""
"T02",2011,441,29-AUG-11,29-AUG-11,"18",6,170,"2",""
"T02",2011,436,30-AUG-11,30-AUG-11,"15",16,280,"2",""
"T11",2011,911,30-AUG-11,30-AUG-11,"18",0,,"2","M17a"
"T02",2010,441,30-AUG-11,30-AUG-10,"18",6,170,"2",""
"T02",2011,435,30-AUG-11,30-AUG-11,"15",20,280,"2",""
"T02",2011,437,30-AUG-11,30-AUG-11,"3",25,180,"1",""
"T02",2011,442,30-AUG-11,30-AUG-11,"18",7,330,"2",""
"T02",2011,384,02-SEP-11,,"2",13,300,"2",""
"T02",2011,396,02-SEP-11,02-SEP-11,"2",16,114,"2",""
"T02",2011,424,02-SEP-11,02-SEP-11,"15",15,293,"1",""
"T02",2011,428,02-SEP-11,02-SEP-11,"2",12,285,"1",""
"T02",2011,438,02-SEP-11,02-SEP-11,"3",14,302,"2",""
"T03",2011,179,25-OCT-11,,"",,,"",""
"T03",2011,75,25-OCT-11,,"",,,"",""
"T03",2011,74,25-OCT-11,,"",,,"",""
"T03",2011,57,25-OCT-11,,"",,,"",""
"T03",2011,198,25-OCT-11,,"",,,"",""
"T03",2011,239,25-OCT-11,,"",,,"",""
"T03",2011,271,25-OCT-11,,"",,,"",""
"T03",2011,351,25-OCT-11,,"",,,"",""
"T03",2011,353,25-OCT-11,,"",,,"",""
"T03",2011,311,25-OCT-11,,"",,,"",""
"T03",2012,204,29-MAY-12,,"",,,"",""
"T03",2012,370,29-MAY-12,,"",,,"",""
"T03",2012,333,29-MAY-12,,"",,,"",""
"T03",2012,331,29-MAY-12,,"",,,"",""
"T03",2012,294,29-MAY-12,,"",,,"",""
"T03",2012,281,29-MAY-12,,"",,,"",""
"T03",2012,243,29-MAY-12,,"",,,"",""
"T03",2012,203,29-MAY-12,,"",,,"",""
"T08",2012,72,12-JUN-12,12-JUN-12,"",,,"",""
"T08",2012,61,12-JUN-12,12-JUN-12,"",,,"",""
"T08",2012,194,12-JUN-12,12-JUN-12,"",,,"",""
"T08",2012,423,19-JUN-12,19-JUN-12,"",,,"",""
"T08",2012,422,20-JUN-12,20-JUN-12,"",,,"",""
"T08",2012,173,25-JUN-12,25-JUN-12,"",,,"",""
"T08",2012,421,25-JUN-12,25-JUN-12,"",,,"",""
"T08",2012,416,25-JUN-12,25-JUN-12,"",,,"",""
"T03",2012,277,27-JUN-12,,"",,,"",""
"T03",2012,237,27-JUN-12,,"",,,"",""
"T07",2012,308,02-JUL-12,02-JUL-12,"16",10,282,"2","Mg10A"
"T07",2012,30,03-JUL-12,03-JUL-12,"15",4,255,"2","H12a"
"T07",2012,6,03-JUL-12,03-JUL-12,"15",6,127,"2","M20a"
"T07",2012,1,03-JUL-12,03-JUL-12,"15",3,142,"2","M20a"
"T04",2012,78,03-JUL-12,03-JUL-12,"",,,"",""
"T04",2012,502,03-JUL-12,03-JUL-12,"",,,"",""
"T04",2012,500,03-JUL-12,,"",,,"",""
"T07",2012,151,03-JUL-12,03-JUL-12,"16",11,178,"1","U5a"
"T07",2012,59,04-JUL-12,04-JUL-12,"16",22,120,"3","U4b"
"T07",2012,47,04-JUL-12,04-JUL-12,"16",18,117,"3","U20a"
"T03",2012,52,04-JUL-12,,"",,,"",""
"T03",2012,31,04-JUL-12,,"",,,"",""
"T04",2012,71,04-JUL-12,04-JUL-12,"",,,"",""
"T04",2012,21,04-JUL-12,04-JUL-12,"",,,"",""
"T04",2012,19,04-JUL-12,04-JUL-12,"",,,"",""
"T07",2012,277,05-JUL-12,05-JUL-12,"16",2,284,"3","Mg9a"
"T07",2012,436,05-JUL-12,05-JUL-12,"16",4,0,"2","u4d"
"T07",2012,451,05-JUL-12,05-JUL-12,"16",32,278,"2","U4a"
"T04",2012,61,05-JUL-12,05-JUL-12,"",,,"",""
"T07",2012,278,05-JUL-12,05-JUL-12,"16",9,324,"2","M23a"
"T04",2012,800,11-JUL-12,11-JUL-12,"",,,"",""
"T04",2012,507,11-JUL-12,11-JUL-12,"",,,"",""
"T04",2012,509,11-JUL-12,,"",,,"",""
"T04",2012,371,12-JUL-12,12-JUL-12,"",,,"",""
"T04",2012,501,13-JUL-12,13-JUL-12,"",,,"",""
"T04",2012,13,13-JUL-12,13-JUL-12,"",,,"",""
"T04",2012,1,13-JUL-12,13-JUL-12,"",,,"",""
"T04",2012,411,13-JUL-12,13-JUL-12,"",,,"",""
"T04",2012,449,16-JUL-12,16-JUL-12,"",,,"",""
"T04",2012,444,16-JUL-12,16-JUL-12,"",,,"",""
"T04",2012,450,16-JUL-12,16-JUL-12,"",,,"",""
"T04",2012,226,17-JUL-12,17-JUL-12,"",,,"",""
"T04",2012,206,17-JUL-12,17-JUL-12,"",,,"",""
"T08",2012,32,19-JUL-12,19-JUL-12,"",,,"",""
"T08",2012,327,23-JUL-12,23-JUL-12,"",,,"",""
"T08",2012,168,30-JUL-12,30-JUL-12,"",,,"",""
"T08",2012,420,07-AUG-12,07-AUG-12,"",,,"",""
"T08",2012,239,08-AUG-12,08-AUG-12,"",,,"",""
"T04",2012,247,08-AUG-12,08-AUG-12,"",,,"",""
"T04",2012,251,08-AUG-12,08-AUG-12,"",,,"",""
"T04",2012,611,09-AUG-12,09-AUG-12,"",,,"",""
"T04",2012,254,09-AUG-12,,"",,,"",""
"T05",2012,323,13-AUG-12,13-AUG-12,"",,,"",""
"T05",2012,318,13-AUG-12,13-AUG-12,"",,,"",""
"T05",2012,329,14-AUG-12,14-AUG-12,"",,,"",""
"T05",2012,336,14-AUG-12,14-AUG-12,"",,,"",""
"T05",2012,332,15-AUG-12,15-AUG-12,"",,,"",""
"T05",2012,334,15-AUG-12,15-AUG-12,"",,,"",""
"T05",2012,256,15-AUG-12,15-AUG-12,"",,,"",""
"T05",2012,343,16-AUG-12,16-AUG-12,"",,,"",""
"T05",2012,344,16-AUG-12,16-AUG-12,"",,,"",""
"T05",2012,51,16-AUG-12,16-AUG-12,"",,,"",""
"T05",2012,118,16-AUG-12,16-AUG-12,"",,,"",""
"T08",2012,401,22-AUG-12,22-AUG-12,"",,,"",""
"T02",2012,439,03-SEP-12,03-SEP-12,"18",5,84,"1","M19"
"T02",2012,441,03-SEP-12,03-SEP-12,"18",6,170,"2","M23"
"T02",2012,434,03-SEP-12,03-SEP-12,"15",13,170,"2","H12"
"T02",2012,443,03-SEP-12,03-SEP-12,"15",15,161,"2","H12"
"T02",2012,435,04-SEP-12,04-SEP-12,"15",20,280,"2","H12"
"T02",2012,436,04-SEP-12,04-SEP-12,"15",16,280,"2","H12"
"T02",2012,442,04-SEP-12,04-SEP-12,"18",7,330,"2","M19b"
"T02",2012,440,04-SEP-12,04-SEP-12,"2",5,63,"2","U4"
"T02",2012,437,04-SEP-12,04-SEP-12,"3",25,180,"1","U20"
"T02",2012,438,06-SEP-12,06-SEP-12,"3",14,302,"2","M23"
"T02",2012,428,06-SEP-12,06-SEP-12,"15",15,293,"1","MG6"
"T02",2012,424,06-SEP-12,06-SEP-12,"15",15,293,"1","H10/H12"
"T02",2012,384,06-SEP-12,06-SEP-12,"2",13,300,"2","U4"
"T02",2012,396,06-SEP-12,06-SEP-12,"2",16,114,"2","U4"
"T11",2012,914,11-SEP-12,11-SEP-12,"16",10,315,"1","U5a"
"T11",2012,913,11-SEP-12,11-SEP-12,"16",10,315,"1","U5a"
"T11",2012,916,13-SEP-12,13-SEP-12,"18",5,116,"2","M6"
"T11",2012,901,21-SEP-12,21-SEP-12,"16",15,200,"3","CG10a"
"T11",2012,902,28-SEP-12,28-SEP-12,"16",15,200,"3","CG10a"
"T07",2013,308,01-JUL-13,01-JUL-13,"16",10,282,"2","Mg10a"
"T07",2013,1,02-JUL-13,02-JUL-13,"15",3,142,"2","M20a"
"T07",2013,151,02-JUL-13,02-JUL-13,"16",178,11,"1","U5a"
"T07",2013,6,02-JUL-13,02-JUL-13,"15",6,127,"2","M20a"
"T07",2013,30,02-JUL-13,02-JUL-13,"15",4,255,"2","H12a"
"T07",2013,59,03-JUL-13,03-JUL-13,"16",22,120,"3","U4b"
"T07",2013,436,03-JUL-13,03-JUL-13,"16",4,0,"2","U4d"
"T07",2013,47,03-JUL-13,03-JUL-13,"16",18,117,"3","U20a"
"T07",2013,277,04-JUL-13,04-JUL-13,"16",2,284,"2","Mg9A"
"T07",2013,278,04-JUL-13,04-JUL-13,"16",9,324,"2","M23a"
"T07",2013,451,04-JUL-13,04-JUL-13,"16",32,278,"2","U4a"
"T04",2013,226,09-JUL-13,09-JUL-13,"",,,"",""
"T04",2013,502,10-JUL-13,10-JUL-13,"",,,"",""
"T04",2013,500,10-JUL-13,10-JUL-13,"",,,"",""
"T04",2013,78,10-JUL-13,10-JUL-13,"",,,"",""
"T04",2013,21,11-JUL-13,11-JUL-13,"",,,"",""
"T04",2013,19,11-JUL-13,11-JUL-13,"",,,"",""
"T04",2013,13,11-JUL-13,11-JUL-13,"",,,"",""
"T04",2013,509,11-JUL-13,11-JUL-13,"",,,"",""
"T04",2013,71,12-JUL-13,12-JUL-13,"",,,"",""
"T04",2013,501,19-JUL-13,19-JUL-13,"",,,"",""
"T04",2013,61,19-JUL-13,19-JUL-13,"",,,"",""
"T04",2013,251,26-JUL-13,26-JUL-13,"",,,"",""
"T04",2013,254,26-JUL-13,26-JUL-13,"",,,"",""
"T04",2013,247,26-JUL-13,26-JUL-13,"",,,"",""
"T04",2013,611,26-JUL-13,26-JUL-13,"",,,"",""
"T05",2013,334,30-JUL-13,30-JUL-13,"11",,,"",""
"T05",2013,336,30-JUL-13,30-JUL-13,"11",,,"",""
"T05",2013,318,30-JUL-13,30-JUL-13,"11",,,"",""
"T05",2013,329,30-JUL-13,30-JUL-13,"11",,,"",""
"T05",2013,332,30-JUL-13,30-JUL-13,"11",,,"",""
"T05",2013,323,30-JUL-13,30-JUL-13,"11",,,"",""
"T05",2013,343,01-AUG-13,01-AUG-13,"16",,,"",""
"T05",2013,118,01-AUG-13,01-AUG-13,"2",,,"",""
"T05",2013,344,01-AUG-13,01-AUG-13,"16",,,"",""
"T05",2013,51,01-AUG-13,01-AUG-13,"2",,,"",""
"T04",2013,1,05-AUG-13,05-AUG-13,"",,,"",""
"T06",2013,17,05-AUG-13,05-AUG-13,"11",,,"",""
"T06",2013,18,05-AUG-13,05-AUG-13,"11",,,"",""
"T06",2013,16,05-AUG-13,05-AUG-13,"11",,,"",""
"T06",2013,13,06-AUG-13,06-AUG-13,"11",,,"",""
"T06",2013,14,06-AUG-13,06-AUG-13,"11",,,"",""
"T06",2013,15,06-AUG-13,06-AUG-13,"11",,,"",""
"T04",2013,206,06-AUG-13,06-AUG-13,"",,,"",""
"T04",2013,507,06-AUG-13,06-AUG-13,"",,,"",""
"T04",2013,800,07-AUG-13,07-AUG-13,"",,,"",""
"T04",2013,449,08-AUG-13,08-AUG-13,"",,,"",""
"T04",2013,444,08-AUG-13,08-AUG-13,"",,,"",""
"T04",2013,450,08-AUG-13,08-AUG-13,"",,,"",""
"T09",2014,414,02-JUN-14,,"",,,"",""
"T09",2014,417,02-JUN-14,,"",,,"",""
"T09",2014,416,02-JUN-14,,"",,,"",""
"T09",2014,422,02-JUN-14,,"",,,"",""
"T09",2014,424,05-JUN-14,,"",,,"",""
"T09",2014,423,05-JUN-14,,"",,,"",""
"T09",2014,421,05-JUN-14,,"",,,"",""
"T09",2014,501,05-JUN-14,,"",,,"",""
"T09",2014,500,05-JUN-14,,"",,,"",""
"T09",2014,450,05-JUN-14,,"",,,"",""
"T09",2014,439,05-JUN-14,,"",,,"",""
"T09",2014,436,05-JUN-14,,"",,,"",""
"T09",2014,412,05-JUN-14,,"",,,"",""
"T09",2014,435,05-JUN-14,,"",,,"",""
"T09",2014,502,05-JUN-14,,"",,,"",""
"T09",2014,418,05-JUN-14,,"",,,"",""
"T09",2014,428,05-JUN-14,,"",,,"",""
"T09",2014,429,05-JUN-14,,"",,,"",""
"T09",2014,419,05-JUN-14,,"",,,"",""
"T09",2014,434,05-JUN-14,,"",,,"",""
"T09",2014,431,05-JUN-14,,"",,,"",""
"T09",2014,420,06-JUN-14,,"",,,"",""
"T09",2014,415,06-JUN-14,,"",,,"",""
"T09",2014,413,06-JUN-14,,"",,,"",""
"T09",2014,411,06-JUN-14,,"",,,"",""
"T09",2014,410,06-JUN-14,,"",,,"",""
"T09",2014,409,06-JUN-14,,"",,,"",""
"T09",2014,407,06-JUN-14,,"",,,"",""
"T09",2014,406,06-JUN-14,,"",,,"",""
"T09",2014,405,06-JUN-14,,"",,,"",""
"T09",2014,506,06-JUN-14,,"",,,"",""
"T09",2014,507,06-JUN-14,,"",,,"",""
"T09",2014,504,11-JUN-14,,"",,,"",""
"T09",2014,505,11-JUN-14,,"",,,"",""
"T09",2014,445,11-JUN-14,,"",,,"",""
"T09",2014,448,11-JUN-14,,"",,,"",""
"T09",2014,402,11-JUN-14,,"",,,"",""
"T09",2014,403,11-JUN-14,,"",,,"",""
"T09",2014,449,13-JUN-14,,"",,,"",""
"T09",2014,447,13-JUN-14,,"",,,"",""
"T09",2014,446,13-JUN-14,,"",,,"",""
"T09",2014,442,13-JUN-14,,"",,,"",""
"T09",2014,433,13-JUN-14,,"",,,"",""
"T09",2014,437,13-JUN-14,,"",,,"",""
"T04",2014,164,17-JUN-14,17-JUN-14,"",,,"",""
"T04",2014,184,17-JUN-14,17-JUN-14,"",,,"",""
"T04",2014,800,18-JUN-14,18-JUN-14,"",,,"",""
"T04",2014,138,18-JUN-14,18-JUN-14,"",,,"",""
"T07",2014,320,23-JUN-14,23-JUN-14,"16",18,122,"2","U20a"
"T07",2014,6,24-JUN-14,24-JUN-14,"15",6,127,"2","M20a"
"T07",2014,30,24-JUN-14,24-JUN-14,"15",4,255,"2","H12a"
"T07",2014,47,24-JUN-14,24-JUN-14,"16",18,117,"3","U20a"
"T07",2014,59,24-JUN-14,24-JUN-14,"16",22,120,"3","U4b"
"T07",2014,102,24-JUN-14,24-JUN-14,"16",8,260,"2","M23A"
"T07",2014,1,24-JUN-14,24-JUN-14,"15",3,142,"2","M20A"
"T07",2014,2,24-JUN-14,24-JUN-14,"15",7,210,"2","H12A"
"T07",2014,277,25-JUN-14,25-JUN-14,"16",3,284,"2","MG9a"
"T07",2014,272,25-JUN-14,25-JUN-14,"16",15,244,"3","MG9a"
"T07",2014,156,25-JUN-14,25-JUN-14,"16",6,100,"2","U4e"
"T07",2014,152,25-JUN-14,25-JUN-14,"16",12,180,"2","U5a"
"T07",2014,151,25-JUN-14,25-JUN-14,"16",11,178,"1","U5a"
"T07",2014,451,26-JUN-14,26-JUN-14,"16",32,278,"2","U4a"
"T07",2014,436,26-JUN-14,26-JUN-14,"16",4,0,"2","U4d"
"T07",2014,308,26-JUN-14,26-JUN-14,"16",10,282,"2","MG10a"
"T07",2014,305,26-JUN-14,26-JUN-14,"16",13,150,"2","MG10a"
"T07",2014,278,26-JUN-14,26-JUN-14,"16",9,324,"2","M23a"
"T04",2014,502,26-JUN-14,26-JUN-14,"",,,"",""
"T04",2014,505,26-JUN-14,26-JUN-14,"",,,"",""
"T04",2014,78,26-JUN-14,26-JUN-14,"",,,"",""
"T04",2014,21,27-JUN-14,27-JUN-14,"",,,"",""
"T04",2014,13,27-JUN-14,27-JUN-14,"",,,"",""
"T04",2014,2,27-JUN-14,27-JUN-14,"",,,"",""
"T04",2014,1,27-JUN-14,27-JUN-14,"",,,"",""
"T04",2014,16,30-JUN-14,30-JUN-14,"",,,"",""
"T04",2014,19,30-JUN-14,30-JUN-14,"",,,"",""
"T04",2014,71,30-JUN-14,30-JUN-14,"",,,"",""
"T04",2014,500,30-JUN-14,30-JUN-14,"",,,"",""
"T04",2014,371,02-JUL-14,02-JUL-14,"",,,"",""
"T04",2014,372,02-JUL-14,02-JUL-14,"",,,"",""
"T04",2014,399,02-JUL-14,02-JUL-14,"",,,"",""
"T04",2014,411,02-JUL-14,02-JUL-14,"",,,"",""
"T04",2014,444,03-JUL-14,03-JUL-14,"",,,"",""
"T04",2014,449,03-JUL-14,03-JUL-14,"",,,"",""
"T04",2014,450,03-JUL-14,03-JUL-14,"",,,"",""
"T04",2014,454,03-JUL-14,03-JUL-14,"",,,"",""
"T04",2014,348,07-JUL-14,07-JUL-14,"",,,"",""
"T04",2014,390,07-JUL-14,07-JUL-14,"",,,"",""
"T04",2014,402,07-JUL-14,07-JUL-14,"",,,"",""
"T04",2014,404,07-JUL-14,07-JUL-14,"",,,"",""
"T04",2014,429,08-JUL-14,08-JUL-14,"",,,"",""
"T04",2014,419,08-JUL-14,08-JUL-14,"",,,"",""
"T04",2014,428,08-JUL-14,08-JUL-14,"",,,"",""
"T04",2014,396,08-JUL-14,08-JUL-14,"",,,"",""
"T04",2014,206,09-JUL-14,09-JUL-14,"",,,"",""
"T04",2014,801,09-JUL-14,09-JUL-14,"",,,"",""
"T04",2014,310,09-JUL-14,09-JUL-14,"",,,"",""
"T04",2014,507,09-JUL-14,09-JUL-14,"",,,"",""
"T04",2014,326,10-JUL-14,10-JUL-14,"",,,"",""
"T04",2014,307,10-JUL-14,10-JUL-14,"",,,"",""
"T05",2014,323,14-JUL-14,14-JUL-14,"",,,"",""
"T05",2014,318,14-JUL-14,14-JUL-14,"",,,"",""
"T05",2014,329,14-JUL-14,14-JUL-14,"",,,"",""
"T05",2014,51,16-JUL-14,16-JUL-14,"",,,"",""
"T05",2014,256,16-JUL-14,16-JUL-14,"",,,"",""
"T05",2014,210,16-JUL-14,16-JUL-14,"",,,"",""
"T05",2014,336,17-JUL-14,17-JUL-14,"",,,"",""
"T05",2014,334,17-JUL-14,17-JUL-14,"",,,"",""
"T05",2014,332,17-JUL-14,17-JUL-14,"",,,"",""
"T09",2014,438,17-JUL-14,,"",,,"",""
"T09",2014,503,17-JUL-14,,"",,,"",""
"T09",2014,427,17-JUL-14,,"",,,"",""
"T09",2014,426,17-JUL-14,,"",,,"",""
"T09",2014,425,17-JUL-14,,"",,,"",""
"T04",2014,61,17-JUL-14,17-JUL-14,"",,,"",""
"T05",2014,91,18-JUL-14,18-JUL-14,"",,,"",""
"T05",2014,26,18-JUL-14,18-JUL-14,"",,,"",""
"T05",2014,9,18-JUL-14,18-JUL-14,"",,,"",""
"T05",2014,118,18-JUL-14,18-JUL-14,"",,,"",""
"T05",2014,344,21-JUL-14,21-JUL-14,"",,,"",""
"T05",2014,343,21-JUL-14,21-JUL-14,"",,,"",""
"T05",2014,289,21-JUL-14,21-JUL-14,"",,,"",""
"T04",2014,501,21-JUL-14,21-JUL-14,"",,,"",""
"T04",2014,247,22-JUL-14,22-JUL-14,"",,,"",""
"T04",2014,251,22-JUL-14,22-JUL-14,"",,,"",""
"T04",2014,611,22-JUL-14,22-JUL-14,"",,,"",""
"T04",2014,226,23-JUL-14,23-JUL-14,"",,,"",""
"T04",2014,509,23-JUL-14,23-JUL-14,"",,,"",""
"T06",2014,13,04-AUG-14,04-AUG-14,"",,,"",""
"T06",2014,14,04-AUG-14,04-AUG-14,"",,,"",""
"T06",2014,15,04-AUG-14,04-AUG-14,"",,,"",""
"T06",2014,16,05-AUG-14,05-AUG-14,"",,,"",""
"T06",2014,18,05-AUG-14,05-AUG-14,"",,,"",""
"T06",2014,17,05-AUG-14,05-AUG-14,"",,,"",""
"T03",2014,237,12-AUG-14,12-AUG-14,"",,,"",""
"T03",2014,75,12-AUG-14,,"",,,"",""
"T03",2014,74,12-AUG-14,,"",,,"",""
"T03",2014,57,12-AUG-14,,"",,,"",""
"T03",2014,277,12-AUG-14,12-AUG-14,"",,,"",""
"T03",2014,370,12-AUG-14,12-AUG-14,"",,,"",""
"T03",2014,353,12-AUG-14,12-AUG-14,"",,,"",""
"T03",2014,351,12-AUG-14,12-AUG-14,"",,,"",""
"T03",2014,333,12-AUG-14,12-AUG-14,"",,,"",""
"T03",2014,331,12-AUG-14,12-AUG-14,"",,,"",""
"T03",2014,311,12-AUG-14,,"",,,"",""
"T03",2014,274,12-AUG-14,,"",,,"",""
"T03",2014,271,12-AUG-14,,"",,,"",""
"T03",2014,203,13-AUG-14,13-AUG-14,"",,,"",""
"T03",2014,204,13-AUG-14,13-AUG-14,"",,,"",""
"T03",2014,198,18-AUG-14,18-AUG-14,"",,,"",""
"T03",2014,179,18-AUG-14,18-AUG-14,"",,,"",""
"T03",2014,239,18-AUG-14,18-AUG-14,"",,,"",""
"T03",2014,281,19-AUG-14,19-AUG-14,"",,,"",""
"T03",2014,243,19-AUG-14,19-AUG-14,"",,,"",""
"T03",2014,52,19-AUG-14,19-AUG-14,"",,,"",""
"T03",2014,31,20-AUG-14,20-AUG-14,"",,,"",""
"T03",2014,294,27-AUG-14,27-AUG-14,"",,,"",""
"T08",2015,61,05-JUN-15,05-JUN-15,"",,,"",""
"T08",2015,72,08-JUN-15,08-JUN-15,"",,,"",""
"T08",2015,168,08-JUN-15,08-JUN-15,"",,,"",""
"T08",2015,173,15-JUN-15,15-JUN-15,"",,,"",""
"T08",2015,194,19-JUN-15,19-JUN-15,"",,,"",""
"T04",2015,13,22-JUN-15,,"",,,"",""
"T04",2015,19,22-JUN-15,,"",,,"",""
"T04",2015,1,22-JUN-15,,"",,,"",""
"T08",2015,416,22-JUN-15,22-AUG-15,"",,,"",""
"T04",2015,501,23-JUN-15,,"",,,"",""
"T04",2015,71,23-JUN-15,,"",,,"",""
"T04",2015,61,23-JUN-15,,"",,,"",""
"T08",2015,421,23-JUN-15,23-JUN-15,"",,,"",""
"T04",2015,206,24-JUN-15,,"",,,"",""
"T04",2015,507,24-JUN-15,,"",,,"",""
"T04",2015,226,24-JUN-15,,"",,,"",""
"T04",2015,509,24-JUN-15,,"",,,"",""
"T04",2015,800,24-JUN-15,,"",,,"",""
"T04",2015,444,25-JUN-15,,"",,,"",""
"T04",2015,371,25-JUN-15,,"",,,"",""
"T04",2015,411,25-JUN-15,,"",,,"",""
"T04",2015,449,25-JUN-15,,"",,,"",""
"T04",2015,450,25-JUN-15,,"",,,"",""
"T04",2015,502,26-JUN-15,,"",,,"",""
"T04",2015,500,26-JUN-15,,"",,,"",""
"T04",2015,21,26-JUN-15,,"",,,"",""
"T04",2015,78,26-JUN-15,,"",,,"",""
"T08",2015,327,29-JUN-15,29-JUN-15,"",,,"",""
"T03",2015,370,07-JUL-15,07-JUL-15,"",,,"",""
"T03",2015,294,07-JUL-15,,"",,,"",""
"T03",2015,281,07-JUL-15,,"",,,"",""
"T03",2015,277,07-JUL-15,,"",,,"",""
"T03",2015,243,07-JUL-15,,"",,,"",""
"T03",2015,203,07-JUL-15,,"",,,"",""
"T03",2015,204,07-JUL-15,,"",,,"",""
"T03",2015,331,07-JUL-15,07-JUL-15,"",,,"",""
"T03",2015,237,07-JUL-15,,"",,,"",""
"T03",2015,52,07-JUL-15,,"",,,"",""
"T03",2015,31,07-JUL-15,,"",,,"",""
"T08",2015,32,10-JUL-15,10-JUL-15,"",,,"",""
"T08",2015,239,20-JUL-15,20-JUL-15,"",,,"",""
"T08",2015,423,28-JUL-15,28-JUL-15,"",,,"",""
"T04",2015,254,30-JUL-15,,"",,,"",""
"T04",2015,251,30-JUL-15,,"",,,"",""
"T04",2015,247,30-JUL-15,,"",,,"",""
"T04",2015,611,30-JUL-15,,"",,,"",""
"T08",2015,422,31-JUL-15,31-JUL-15,"",,,"",""
"T08",2015,420,03-AUG-15,03-AUG-15,"",,,"",""
"T08",2015,401,04-SEP-15,04-SEP-15,"",,,"",""
"T03",2015,333,30-SEP-15,30-SEP-15,"",,,"",""
"T09",2002,423,,,"12",5,180,"2",""
"T09",2002,424,,,"12",0,0,"4",""
"T09",2002,425,,,"16",0,0,"4",""
"T09",2002,426,,,"12",4,135,"2",""
"T09",2002,427,,,"12",1,186,"2",""
"T09",2002,428,,,"12",0,0,"4",""
"T09",2002,429,,,"12",6,180,"2",""
"T09",2002,431,,,"12",2,135,"2",""
"T09",2002,433,,,"12",5,180,"2",""
"T09",2002,434,,,"12",0,0,"4",""
"T09",2002,435,,,"11",6,0,"2",""
"T09",2002,436,,,"12",5,360,"2",""
"T09",2002,437,,,"12",2,225,"2",""
"T09",2002,438,,,"11",,,"2",""
"T09",2002,439,,,"12",3,90,"2",""
"T09",2002,442,,,"11",0,0,"4",""
"T09",2002,445,,,"11",0,0,"4",""
"T09",2002,446,,,"11",1,70,"2",""
"T09",2002,447,,,"11",2,82,"2",""
"T09",2002,448,,,"11",0,0,"4",""
"T09",2002,449,,,"11",1,71,"2",""
"T09",2002,450,,,"12",8,311,"2",""
"T09",2002,500,,,"12",2,180,"2",""
"T09",2002,501,,,"12",6,135,"2",""
"T09",2002,502,,,"12",4,90,"2",""
"T09",2002,503,,,"11",0,0,"4",""
"T09",2002,504,,,"12",2,270,"2",""
"T09",2002,505,,,"11",1,242,"2",""
"T09",2002,506,,,"12",7,0,"2",""
"T09",2002,507,,,"12",0,0,"2",""
"T09",2005,427,,20-JUN-05,"12",2,186,"2",""
"T09",2005,428,,17-JUN-05,"12",0,0,"3",""
"T09",2005,435,,,"",,,"",""
"T09",2005,450,,,"12",8,311,"2",""
"T09",2008,401,,02-JUN-08,"11",5,315,"3",""
"T09",2008,435,,16-JUN-08,"11",6,0,"2",""
"T09",2008,439,,16-JUN-08,"12",3,90,"2",""
"T09",2008,506,,,"12",0,0,"2",""
"T12",2006,335,,05-SEP-06,"",,,"",""
"T04",2004,449,,03-AUG-04,"",,,"",""
"T07",2005,278,,08-JUL-05,"16",9,324,"2",""
"T07",2006,30,,06-JUL-06,"15",4,255,"2",""
"T08",2001,32,,30-JUL-01,"",,,"",""
"T08",2001,61,,03-AUG-01,"",,,"",""
"T08",2001,72,,30-JUL-01,"",,,"",""
"T08",2001,168,,03-AUG-01,"",,,"",""
"T08",2001,173,,03-AUG-01,"",,,"",""
"T08",2001,194,,30-JUL-01,"",,,"",""
"T08",2001,239,,01-AUG-01,"",,,"",""
"T08",2001,327,,02-AUG-01,"",,,"",""
"T08",2001,401,,01-AUG-01,"",,,"",""
"T08",2001,416,,03-AUG-01,"",,,"",""
"T08",2001,420,,31-JUL-01,"",,,"",""
"T08",2001,421,,31-JUL-01,"",,,"",""
"T08",2003,32,,04-JUL-03,"",,,"",""
"T08",2003,61,,04-JUL-03,"",,,"",""
"T08",2003,72,,04-JUL-03,"",,,"",""
"T08",2003,168,,11-JUL-03,"",,,"",""
"T08",2003,173,,07-JUL-03,"",,,"",""
"T08",2003,194,,04-JUL-03,"",,,"",""
"T08",2003,239,,09-JUL-03,"",,,"",""
"T08",2003,327,,07-JUL-03,"",,,"",""
"T08",2003,401,,09-JUL-03,"",,,"",""
"T08",2003,416,,14-JUL-03,"",,,"",""
"T08",2003,420,,11-JUL-03,"",,,"",""
"T08",2003,421,,07-JUL-03,"",,,"",""
"T08",2004,32,,26-JUL-04,"",,,"",""
"T08",2004,61,,27-JUL-04,"",,,"",""
"T08",2004,72,,27-JUL-04,"",,,"",""
"T08",2004,168,,27-JUL-04,"",,,"",""
"T08",2004,173,,26-JUL-04,"",,,"",""
"T08",2004,194,,27-JUL-04,"",,,"",""
"T08",2004,239,,04-AUG-04,"",,,"",""
"T08",2004,327,,02-AUG-04,"",,,"",""
"T08",2004,401,,04-AUG-04,"",,,"",""
"T08",2004,416,,26-JUL-04,"",,,"",""
"T08",2004,420,,04-AUG-04,"",,,"",""
"T08",2004,421,,02-AUG-04,"",,,"",""
"T08",2004,422,,05-AUG-04,"",,,"",""
"T08",2004,423,,05-AUG-04,"",,,"",""
"T08",2004,430,,13-AUG-04,"",,,"",""
"T08",2004,431,,10-AUG-04,"",,,"",""
"T08",2005,173,,29-JUN-05,"",,,"",""
"T09",2002,401,,,"11",5,315,"4",""
"T09",2002,402,,,"12",0,0,"2",""
"T09",2002,403,,,"12",3,315,"2",""
"T09",2002,405,,,"12",0,0,"4",""
"T09",2002,406,,,"12",0,0,"2",""
"T09",2002,407,,,"13",8,315,"1",""
"T09",2002,409,,,"12",1,344,"2",""
"T09",2002,410,,,"12",2,225,"2",""
"T09",2002,411,,,"12",0,0,"4",""
"T09",2002,412,,,"12",0,0,"4",""
"T09",2002,413,,,"12",5,270,"2",""
"T09",2002,414,,,"12",3,315,"2",""
"T09",2002,415,,,"12",0,0,"4",""
"T09",2002,416,,,"11",2,315,"2",""
"T09",2002,417,,,"11",4,296,"2",""
"T09",2002,418,,,"11",0,0,"2",""
"T09",2002,419,,,"11",5,90,"2",""
"T09",2002,420,,,"12",1,315,"2",""
"T09",2002,421,,,"12",0,0,"4",""
"T09",2002,422,,,"12",0,0,"2",""
